aaabc->Caaba...abaca
aaablm->Ambala...Balaam
aaablt->albata...balata
aaaccdefhinnnr->Canadian French...French Canadian
aaaccrs->Caracas...cascara
aaachilmnrst->animal starch...charlatanism
aaacmrs->marasca...mascara
aaadlnnsy->Nyasaland...analysand
aaaelnntt->Atlantean...antenatal
aaahimrt->Mata Hari...hamartia
aaahmst->Athamas...tamasha
aaailnrstu->Australian...Saturnalia
aaaknr->Ankara...Kanara...Naraka
aaallpt->La Plata...palatal
aaamrs->Asmara...Samara
aab->BAA...aba
aabb->Abba...baba
aabbcdeklr->Blackbeard...black bread
aabcdeorrst->broadcaster...rebroadcast
aabcdkrw->backward...drawback
aabceeglnoors->barnacle goose...goose barnacle
aabcegilnnprs->balance spring...spring balance
aabcekrtw->backwater...water back
aabcelnr->balancer...barnacle
aabcert->abreact...bearcat...cabaret
aabcillsy->asyllabic...basically
aabcilms->balsamic...cabalism
aabcimr->Cambrai...Cambria
aabckklt->back talk...talk back
aabcklrt->black art...black rat
aabcrs->Barsac...scarab
aabdin->Ibadan...indaba
aabdlorr->Labrador...larboard
aabdor->Baroda...aboard...abroad
aabelmst->blastema...lambaste
aabelr->Arbela...arable
aabelrt->Alberta...ratable
aabem->abeam...ameba
aabflott->faltboat...flatboat
aabgr->Braga...Gabar
aabhns->Bashan...Shaban
aabhs->Sabah...abash
aabhsw->Wabash...bashaw
aabist->Bastia...abatis
aabl->Alba...Baal...Bala
aabln->Laban...banal
aabls->balas...balsa...basal
aabmnt->Bantam...batman
aabmortu->marabout...tamboura
aabnw->bwana...nawab
aabrs->Basra...sabra
aaccd->Accad...Dacca
aaccil->Alcaic...cicala
aaccimnor->carcinoma...macaronic
aacclru->accrual...caracul
aacdeeimt->acetamide...emaciated
aacdeilno->Caledonia...Laodicean
aacdeln->candela...decanal
aacdginr->Cardigan...carangid
aacdhhrs->Shadrach...hard cash
aacdhmr->arch dam...drachma
aaceeinnrss->Renaissance...necessarian
aaceenrs->Canarese...Cesarean
aacegilln->englacial...galenical
aaceglotu->catalogue...coagulate
aacegnr->carnage...cranage
aacegnrsu->cane sugar...sugar cane
aacehkmmrt->matchmaker...tack hammer
aacehnr->Arachne...Archean
aaceiinttv->inactivate...vaticinate
aaceilln->alliance...canaille
aaceilnnt->cantilena...lancinate
aaceilnpt->El Capitan...analeptic
aaceilnt->Alicante...analcite
aaceimnr->American...Cinerama...in camera
aaceimnrrw->Crimean War...aircrewman
aaceinrst->Cartesian...ascertain...sectarian
aaceinrt->carinate...craniate
aaceiptt->apatetic...capitate
aacellp->Capella...Laplace
aacelmr->cameral...caramel...ceramal
aacelnrst->Lancaster...ancestral
aaceloprt->Cleopatra...acropetal
aacelpstu->aspectual...capsulate
aacetv->caveat...vacate
aacflu->facula...faucal
aacglos->coal gas...gas coal
aacglot->catalog...galacto
aachimnn->Chinaman...chainman
aachimrs->archaism...charisma
aachips->Chiapas...aphasic
aachmort->achromat...trachoma
aacilloprt->allopatric...patrilocal
aacilmnt->calamint...claimant
aacilnor->Carniola...Carolina
aacilnr->Acrilan...cranial
aacilntt->Atlantic...tantalic
aacilott->coattail...tail coat
aacilr->Alaric...racial
aacimn->caiman...maniac
aacimnor->Marciano...macaroni...marocain
aacinor->Aaronic...ocarina
aacinort->Croatian...raincoat
aacinotv->Octavian...vacation
aacinr->Carina...arnica
aacir->Arica...Caria
aaclnu->canula...lacuna
aaclort->Carlota...coal tar
aaclprsu->capsular...scapular
aaclrs->lascar...rascal...sacral...scalar
aaclrvy->Calvary...cavalry
aaclsu->casual...causal
aacn->Cana...NACA
aacnost->Toscana...sacaton
aadeeehllrttty->lead tetraethyl...tetraethyl lead
aadeeght->get ahead...head gate
aadeegnrt->Great Dane...tea garden
aadeehmrst->headmaster...headstream
aadeelnppprst->pepperandsalt...saltandpepper
aadegill->diallage...legal aid
aadeginr->drainage...gardenia
aadegry->drayage...yardage
aadehilr->headrail...railhead
aadeilmnt->detail man...laminated
aadeims->amidase...seamaid
aadeimst->adamsite...diastema
aadelmns->dalesman...leadsman
aademn->anadem...maenad
aadgmnor->Garamond...dragoman
aadgmnr->grandam...grandma
aadgn->Dagan...Ganda
aadgnp->Padang...padnag
aadilnotu->adulation...laudation
aadimnry->dairyman...main yard
aadin->Diana...naiad
aadinr->Adrian...radian
aadis->Saadi...Saida
aadlnu->Landau...Luanda
aadmn->Daman...adman
aadmnorty->damnatory...mandatory
aadmnry->drayman...yardman
aadmr->damar...drama
aadmru->Madura...maraud
aadr->Adar...Arad
aaeegno->Aegaeon...Neogaea
aaeehrtw->aweather...wheatear
aaeelnps->seaplane...spelaean
aaeemnt->emanate...manatee
aaeenrst->Near East...arsenate...serenata
aaegglnr->Lagrange...langrage
aaeghmnopr->anemograph...phanerogam
aaegilnpp->appealing...lagniappe
aaegilnr->Algerian...geranial
aaegilnt->agential...alginate
aaegilr->Algeria...regalia
aaegimnnt->maneating...manganite
aaegintv->navigate...vaginate
aaegl->algae...galea
aaeglmprsu->maple sugar...sugar maple
aaegln->anlage...galena...lagena
aaeglr->alegar...laager
aaegmnt->magenta...magnate
aaegmr->Gemara...Megara
aaegssu->assuage...sausage
aaegtwy->gateway...get away
aaehlll->allheal...healall
aaeillpss->paillasse...palliasse
aaeilmrst->marestail...materials
aaeilnoppry->piano player...player piano
aaeilnr->Linear A...air lane
aaeilrrt->air alert...arterial
aaeilstv->aestival...salivate
aaeimnnr->Armenian...Marianne
aaeimnotz->amazonite...anatomize
aaeimnt->amentia...animate
aaeinoprrt->praetorian...reparation
aaeiprst->aspirate...parasite
aaelmnst->last name...talesman
aaelnprt->parental...paternal...prenatal
aaemnprs->Parmesan...spearman
aaemnst->Eastman...Smetana
aaenp->apnea...paean
aaenpst->anapest...peasant
aaenr->anear...arena
aaestv->Avesta...savate
aaffir->affair...raffia
aafr->RAAF...afar
aaghilnrs->Shangrila...ashlaring
aaghmr->Armagh...Graham
aagiln->Anglia...agnail
aagilnv->Galvani...vaginal
aagimns->gas main...siamang
aaginrs->sangria...sarangi
aaginu->Guiana...iguana
aagl->alga...gala
aaglno->Angola...analog
aagm->Gama...agma
aagmm->gamma...magma
aagmry->Magyar...margay
aagnor->Angora...Aragon
aagnorrt->arrogant...tarragon
aagnp->pagan...panga
aagr->Agra...agar
aahinst->Ashanti...Shaitan
aahipr->Pahari...pariah
aahllwy->Whyalla...hallway
aahm->Hama...amah
aailmn->Manila...animal...lamina
aailmrt->Martial...marital
aailn->Lanai...liana
aailnort->notarial...rational
aailns->Salian...salina
aailntv->Latvian...valiant
aailrt->Altair...lariat...latria
aailsv->Valais...saliva...salvia
aaimn->amain...anima...mania
aaimnorttu->maturation...natatorium
aaimnr->Marian...airman...marina
aaimnrt->Martian...tamarin
aaimnsst->Satanism...mantissa
aaimrsu->Masuria...samurai
aainprst->aspirant...partisan
aainpt->patina...taipan
aainrst->Sinatra...artisan...tsarina
aainru->Urania...anuria
aaiopprrt->apparitor...pro patria
aairst->arista...tarsia
aairt->riata...tiara
aajr->ajar...raja
aakky->kayak...yakka
aakn->Akan...kana
aakrt->Katar...karat
aalmnoy->Layamon...anomaly
aalmnu->alumna...manual
aalmps->lampas...plasma
aalmr->alarm...malar
aalnot->Altona...Latona...atonal
aalnov->Avalon...Avlona...Valona
aalpp->appal...papal
aalpz->La Paz...plaza
aalrst->astral...tarsal
aalrt->altar...ratal
aalst->Aalst...Atlas...Salta
aalt->Alta...Taal
aalv->Alva...Vaal...lava
aamm->maam...mama
aamn->Anam...Nama...mana
aamnn->Annam...manna
aamnrt->Namtar...mantra
aamns->Masan...manas
aamnt->atman...manta
aamr->Aram...Rama...mara
aamss->Assam...amass
aamy->Maya...Yama
aanortt->Taranto...natator
aanprt->partan...tarpan...trapan
aanrtt->Tantra...rattan...tartan
aanrv->Narva...navar
aanst->Santa...Satan...Tsana
aant->Tana...anat...anta
aaprst->Patras...satrap
aars->Aras...Saar
aart->Tara...rata
aartt->Tatar...attar
aarv->Avar...vara
ab->Ab...BA
abbbelr->babbler...blabber...brabble
abbder->barbed...dabber
abbdillor->billboard...broadbill
abbegru->Burbage...bugbear
abbelr->barbel...rabble
abbert->barbet...rabbet
abbi->Abib...Babi
abblu->babul...bubal
abccdeeiirt->bactericide...terebic acid
abcceir->acerbic...breccia
abcdeenorrt->centerboard...centreboard
abcdenosu->casebound...subdeacon
abcdhlooors->board school...school board
abcefikr->backfire...fireback
abcehmr->becharm...chamber
abceilort->bacteriol...cabriolet
abceilr->caliber...calibre
abceirs->Brescia...ascribe
abceiss->abscise...scabies
abcekoos->bookcase...casebook
abcekpstw->backswept...sweptback
abcekst->backset...set back
abcellu->bullace...cue ball
abcelmr->cambrel...clamber
abcer->acerb...brace...caber
abchr->BArch...brach
abcir->Carib...baric
abcjkoot->bootjack...jackboot
abcksuw->bucksaw...sawbuck
abcmor->Bomarc...crambo
abcmot->combat...tombac
abcnor->carbon...corban
abcor->Broca...carbo...carob...cobra
abd->bad...dab
abddeiors->broadside...sideboard
abde->abed...bade...bead
abdeelnor->banderole...bandoleer
abdeemns->beamends...bedesman
abdeg->badge...debag
abdegir->abridge...brigade
abdegno->bondage...dogbane
abdehit->Thebaid...habited
abdeirs->darbies...sea bird
abdelm->bedlam...beldam...blamed
abdelo->albedo...doable
abdenor->bandore...broaden
abdenorw->bear down...rawboned
abdenotw->beat down...downbeat
abdeo->abode...adobe
abder->Breda...ardeb...barde...beard...bread...debar
abdfooort->board foot...footboard
abdil->Blida...ad lib
abdilr->bridal...ribald
abdinr->Briand...riband
abdir->Baird...braid...rabid
abdnru->Dunbar...Durban
abdor->Broad...board
abdors->Broads...adsorb
abdr->bard...brad...drab
abdu->baud...daub
abeeenrt->Tenebrae...bean tree
abeefilr->afebrile...balefire
abeegl->Belgae...beagle
abeegnors->Boanerges...Gaberones
abeegrstu->beet sugar...sugar beet
abeehinrt->hibernate...inbreathe
abeehknorrt->broken heart...heartbroken
abeehns->banshee...hasbeen
abeeilns->Balinese...baseline
abeeirrss->brasserie...brassiere
abeelmnrsu->Lebensraum...mensurable
abeeln->baleen...enable
abeelnt->Beltane...tenable
abeemn->bemean...bename
abeerrtt->barrette...berretta
abeert->beater...berate...rebate
abeffillor->ball of fire...bill of fare
abefiort->biforate...fireboat
abegiln->Belgian...Bengali
abegimn->beaming...big name
abegl->Gable...bagel...belga
abegln->Bengal...bangle
abeglu->beluga...blague
abegmnoy->bogeyman...moneybag
abegmor->Bergamo...embargo
abegnr->banger...graben
abehiimorsv->behaviorism...misbehavior
abehnorrt->abhorrent...earthborn
abehnorstty->east by north...north by east
abehoostu->boathouse...houseboat
abehossttuy->east by south...south by east
abehrt->bertha...breath
abeiknr->Bikaner...break in
abeill->Belial...alible...labile...liable
abeillr->Braille...liberal
abeilmt->limbate...timbale
abeilnr->Linear B...bar line
abeilrt->Albert I...librate...triable
abeilst->astilbe...bestial...stabile
abeilt->albeit...albite
abeimnrst->brain stem...tribesman
abeimrtv->ambivert...verbatim
abeinooprrt->probationer...reprobation
abeinort->baritone...beta iron
abeinrttu->tribunate...turbinate
abeinrtu->braunite...urbanite
abeinst->Antibes...basinet
abeir->Beira...Beria
abeirr->Barrie...Ribera
abeirrt->arbiter...rarebit
abeirrz->bizarre...brazier
abeirs->braise...rabies
abeirsty->bestiary...sybarite
abeirt->barite...terbia
abek->bake...beak
abekl->Blake...bleak
abekortu->break out...outbreak
abekr->Baker...brake...break
abel->Abel...Elba...Labe...able...bael...bale
abelm->Melba...amble...blame
abelmr->marble...ramble
abelnu->nebula...unable
abelopr->lap robe...ropable
abelot->boatel...lobate...oblate
abelr->baler...blare...blear
abelrt->Albert...labret
abelrttu->burletta...rebuttal
abelry->barely...barley...bleary
abels->Basel...Basle...Sable
abelsu->suable...usable
abelt->blate...bleat...table
abeltt->battle...tablet
abely->Bayle...belay
abem->beam...bema
abemr->amber...bream
abemy->beamy...embay...maybe
aben->bane...bean
abenort->baronet...reboant
abenry->Bayern...barney...nearby
abenst->Besant...absent
abeort->boater...borate...rebato
abeortt->abettor...taboret
abepru->bear up...upbear
abeptu->beat up...upbeat
abeqru->Braque...barque
aber->bare...bear...brae
aberr->Berar...barre
aberrt->barret...barter
abers->saber...sabre
aberst->Tarbes...breast
abertt->batter...tabret
aberz->braze...zebra
abest->Bates...baste...beast...tabes
abet->abet...bate...beat...beta
abettu->battue...tubate
abeu->Aube...beau
abf->FBA...fab
abg->bag...gab
abgilmnr->marbling...rambling
abgino->bagnio...gabion
abginr->Baring...Gibran
abginu->Bangui...Ubangi
abgnor->Bangor...barong...brogan
abgr->brag...garb...grab
abh->Hab...bah
abhimr->Brahmi...mihrab
abhmo->abmho...abohm
abhmoort->Bohr atom...bathroom
abhot->Botha...batho
abht->Bath...baht
abiil->Libia...alibi
abiinor->Nairobi...robinia
abil->Albi...Bali...bail
abiln->binal...blain
abilno->Albion...Alboin...albino
abilnoot->boltonia...lobation...oblation
abilnotu->ablution...abutilon
abilnrtu->tribunal...turbinal
abilnstu->Istanbul...stub nail
abilopr->bipolar...parboil
abilq->Iqbal...qibla
abilr->Arbil...Libra...brail
abily->Libya...bialy
abim->ambi...iamb
abimru->Umbria...barium
abinos->Bosnia...basion...bonsai
abinr->bairn...brain
abinry->binary...brainy
abins->Sabin...basin
abir->Bari...RIBA...abri
abklu->Kabul...baulk
abl->Alb...BAL...Lab...abl
ablm->Lamb...balm
ablmnruu->alburnum...laburnum
ablmru->brumal...labrum...lumbar
ablor->labor...lobar
ablost->blasto...oblast
ablt->Balt...blat
abm->MBA...Mab
abmntu->Tubman...numbat
abmru->Burma...rumba...umbra
abmry->ambry...barmy
abn->ban...nab
abnory->barony...baryon
abnr->barn...bran
abnru->Braun...buran...unbar...urban
abor->baro...boar...bora
abort->Tabor...abort...boart
abotu->Uboat...about
abpssy->bypass...pass by
abr->BAR...abr...bra
abrsu->Brusa...Bursa...Busra
abrt->Bart...Tbar...brat
abst->bast...bats...stab
abt->bat...tab
abtu->abut...tabu...tuba
aby->aby...bay
ac->Ac...CA
acccennorrttuu->account current...current account
accdeeilmnorty->dynamoelectric...electrodynamic
accdinor->cancroid...draconic
acceennortt->concentrate...concertante
accehil->caliche...chalice
accehimns->mechanics...mischance
accehimst->catechism...schematic
accehor->caroche...coacher
acceiimnost->cosmetician...encomiastic
acceikp->ice pack...pack ice
acceimr->ceramic...racemic
acceino->cocaine...oceanic
acceinstu->encaustic...succinate
acceip->icecap...ipecac
acceortu->accouter...accoutre
acchiort->thoracic...trochaic
accho->Chaco...coach
acciorst->Socratic...acrostic
acckoss->Cossack...cassock
acco->caco...coca
acddeinrx->card index...index card
acde->Cade...dace...deca
acdeeerst->decastere...desecrate
acdeeilnn->celandine...decennial
acdeeimt->decimate...medicate
acdefiiinot->deification...edification
acdehilr->Heraclid...heraldic
acdeiilmn->adminicle...medicinal
acdeiilrv->larvicide...veridical
acdeilm->decimal...declaim...medical
acdeilr->decrial...radicel...radicle
acdeilt->citadel...deltaic...dialect
acdeimno->comedian...demoniac
acdeinoort->carotenoid...coordinate...decoration
acdeirs->radices...sidecar
acdelr->Calder...cradle
acdeno->acnode...deacon
acdenr->dancer...nacred
acdent->cadent...decant
acdeort->cordate...redcoat
acder->acred...cadre...cedar
acdghotw->dogwatch...watchdog
acdi->acid...cadi
acdiinorty->dictionary...indicatory
acdiinot->actinoid...diatonic
acdimno->monacid...nomadic
acdino->Adonic...anodic
acdiopr->parodic...picador
acdiorr->Ricardo...corrida
acdir->Caird...Dirac...acrid...daric
acdlnoru->Courland...cauldron
acdmnory->dormancy...mordancy
acdnor->Conrad...Dacron...candor
acdnostw->cast down...downcast
aceeeirstv->eviscerate...tea service
aceeennprt->penetrance...repentance
aceehinrt->Catherine...China tree
aceehmrs->Cashmere...marchese
aceehrt->cheater...hectare...teacher
aceeiinnrt->creatinine...incinerate
aceeiipprtt->Peripatetic...precipitate
aceeilmnst->centesimal...lemniscate
aceeilnnort->crenelation...intolerance
aceeilnpr->Periclean...percaline
aceeilnrt->interlace...reclinate
aceeinnprs->Spencerian...inner space
aceeinrt->centiare...creatine...increate
aceeirtv->creative...reactive
aceeirtw->ice water...water ice
aceelnort->coeternal...tolerance
aceelnrtu->calenture...crenulate
aceelns->cleanse...scalene
aceelnv->Valence...enclave
aceelorrt->coral tree...correlate
aceelpr->percale...replace
aceelrt->Electra...treacle
aceelst->Alceste...celesta
aceemny->Mayence...Mycenae
aceemr->amerce...raceme
aceennortv->contravene...covenanter
aceenrt->centare...crenate
aceens->Cesena...Seneca...encase
aceent->cetane...tenace
aceerrt->caterer...retrace...terrace
aceert->cerate...create
aceesstt->cassette...test case
acefiinoprtt->friction tape...petrifaction
acefoort->acrefoot...footrace
acefotu->face out...outface
acefr->facer...farce
acefrtu->facture...furcate
acegiln->Anglice...Galenic...Legnica...angelic
acegilr->glacier...gracile
acegilrtu->curtilage...graticule
aceginrt->argentic...catering...citrange
aceh->ache...each
acehhrty->hatchery...thearchy
acehilm->Meilhac...Michael
acehilrsv->Charles IV...Charles VI
acehimpt->empathic...emphatic
acehinort->anchorite...antechoir
acehklnost->Shackleton...chalkstone
acehkorst->shortcake...track shoe
acehl->chela...leach
acehlop->cephalo...epochal
acehlor->cholera...chorale
acehlp->chapel...pleach
acehltt->chattel...latchet
acehmrr->charmer...marcher
acehms->sachem...schema
acehnopr->Cape Horn...chaperon
acehnrt->chanter...tranche
acehopr->Pechora...poacher
acehor->Horace...chorea...ochrea
acehorrst->cart horse...orchestra
acehostu->cathouse...soutache
acehp->chape...cheap...peach
acehpr->eparch...preach
acehpry->eparchy...preachy
acehr->chare...reach
acehrs->chaser...eschar...search
acehrtt->chatter...ratchet
acehst->chaste...sachet...scathe
aceht->Teach...cheat...tache...theca
aceiilnst->inelastic...sciential
aceiimnorst->anisometric...creationism
aceiinottx->excitation...intoxicate
aceiinprtty->antipyretic...pertinacity
aceiinpstt->antiseptic...psittacine
aceiklrrrttu->trailer truck...truck trailer
aceillmot->collimate...local time
aceillnor->collinear...coralline
aceilmr->miracle...reclaim
aceilnooprt->Neotropical...percolation
aceilnor->Caroline...acrolein
aceilnost->coastline...sectional
aceilnp->capelin...panicle...pelican
aceilnr->Linacre...carline...en clair
aceiloosuv->olivaceous...violaceous
aceilor->calorie...cariole
aceilpr->caliper...replica
aceilpstu->euplastic...spiculate
aceilrt->article...recital
aceilrtuv->lucrative...victualer
aceilrv->clavier...valeric
aceilst->Castile...elastic...latices
aceiltt->lattice...tactile
aceimn->anemic...cinema...iceman
aceimr->Crimea...Mercia
aceimrst->ceramist...matrices
aceinnoorstv->conservation...conversation
aceinnort->container...crenation
aceinopr->apocrine...procaine
aceinort->creation...reaction
aceinotv->conative...invocate
aceinrst->canister...cisterna
aceins->casein...incase
aceippr->crappie...epicarp
aceiprst->crispate...practise
aceipst->aseptic...spicate
aceirrt->Cartier...cirrate...erratic
aceirsv->varices...viscera
aceitv->Cavite...active
aceknr->Neckar...canker
acekr->crake...creak
acekrs->sacker...screak
acellops->collapse...escallop
acellr->caller...cellar...recall
acellry->Carlyle...clearly
acelm->camel...macle
acelmr->Carmel...marcel
acelms->mascle...mescal
acelmu->Caelum...almuce...macule
aceln->clean...lance
acelnps->enclasp...spancel
acelnru->lucarne...nuclear...unclear
acelnt->cantle...cental...lancet
acelnu->cuneal...launce...unlace
acelor->coaler...oracle
acelosstu->cassoulet...lost cause
acelostu->lacteous...osculate
acelot->Alecto...locate
acelov->alcove...coeval
acelp->Calpe...place
acelpr->carpel...parcel...placer
acelqu->calque...claque
acelr->Clare...clear
acelrs->scaler...sclera
acelrt->cartel...claret...rectal
acelrtu->Lautrec...Leuctra
acelrv->carvel...claver
acelsu->Leucas...clause
acelt->cleat...eclat
acelv->calve...clave
acem->Mace...acme...came
acemnoor->Cameroon...con amore
acemnor->Cremona...Menorca...Romance
acemorrt->Mercator...cremator
acemot->comate...come at
acemr->Ceram...Merca...cream
acen->Caen...acne...cane
aceno->canoe...ocean
acenoprrt->copartner...per contra...procreant
acenors->coarsen...narcose
acenorstu->courtesan...nectarous
acenr->Crane...nacre...rance
acenrstu->Etruscan...recusant
acenrt->Cretan...canter...carnet...centra...nectar...recant...trance
acenrv->carven...cavern...craven
acenst->ascent...secant...stance
aceoortv->evocator...overcoat
aceorrt->acroter...creator...reactor
aceotv->avocet...octave
acep->cape...pace
acepr->caper...crape...pacer...recap
aceprrs->scarper...scraper
aceprs->escarp...parsec...scrape
aceprst->precast...spectra
aceps->scape...space
acept->Capet...epact
acer->Acre...CARE...Race
acerrt->Carter...Crater...tracer
acers->carse...scare
acersu->cesura...saucer
acert->Carte...caret...cater...crate...react...trace
acerv->carve...crave
acest->caste...cesta
acestu->Escaut...cuesta
acesu->cause...sauce
acesuy->causey...cayuse
acet->cate...tace
acetu->Ceuta...acute
acf->CAF...FCA...fac
acfhlnu->Funchal...flaunch
acfiinnort->infarction...infraction
acfinrt->frantic...infarct...infract
acflno->falcon...flacon
acghhimooopprrt->microphotograph...photomicrograph
acghhinttw->night watch...watch night
acghinr->arching...chagrin
acgilnps->clasping...scalping
acgim->gamic...magic
acginnoot->cognation...contagion
acginot->coating...cotinga
acginrv->carving...craving
acgins->Signac...casing
acgir->Craig...agric...cigar
acgirt->cat rig...tragic
achiinrst->Christian...Christina
achin->Chain...Chian...China
achiort->chariot...haricot
achipt->pathic...phatic
achir->Chari...archi...chair
achit->Chita...aitch
achm->Cham...Mach
achmnor->monarch...nomarch
achmnory->monarchy...nomarchy
achmr->MArch...charm
achnor->Charon...anchor...archon...rancho
achnst->snatch...stanch
achnstu->canthus...staunch
achnt->chant...natch
achntu->chaunt...nautch
achr->Arch...char
achrt->archt...chart
achs->Asch...cash
acht->Cath...chat
aciil->cilia...iliac
aciillnos->collinsia...isoclinal
aciinoprst->ascription...crispation
aciiorst->Iscariot...aoristic
acil->Cali...laic
acill->calli...lilac
acilmnopt->complaint...compliant
acilno->Alnico...oilcan
acilnor->clarino...clarion
acilnosv->Slavonic...Volscian
acilnu->Alcuin...Lucian...Lucina...uncial
acilopt->Capitol...optical...topical
acilru->Uralic...uracil
acimnor->Marconi...Minorca...Romanic
acimopt->apomict...potamic
acimost->atomics...somatic
acin->Cain...Inca
acinnorst->constrain...transonic
acinnost->canonist...sanction
acinnot->actinon...contain
acinnt->tannic...tin can
acinopt->Pontiac...caption...paction
acinorst->cantoris...cast iron
acinoss->Cassino...caisson
acinot->actino...action...atonic...cation
acinotu->auction...caution
acint->actin...antic
acio->ICAO...ciao
acioprt->apricot...parotic
aciorsu->carious...curiosa
aciortt->Riot Act...ricotta
acipr->Capri...carpi
acips->aspic...spica
aciru->auric...curia
acis->Acis...asci
acitt->Attic...tacit
ackl->calk...kcal...lack
ackr->cark...rack
acks->cask...sack
acl->Cal...lac
aclm->calm...clam
aclmor->Colmar...clamor
aclmorssttuuu->cumulostratus...stratocumulus
aclnoor->Locarno...coronal
aclo->coal...cola
aclopu->copula...cupola
aclor->Lorca...carol...claro...coral
aclorsu->carolus...oscular
aclot->lacto...octal
aclps->clasp...scalp
acly->Clay...acyl...lacy
acm->Cam...Mac
acmnos->mascon...socman
acmo->OCAM...coma
acmor->Maroc...carom...macro
acmr->Marc...cram
acmsu->Camus...Musca...sumac
acmy->YMCA...cyma
acnno->ancon...canon
acnnot->Canton...cannot
acnny->Nancy...canny
acnoor->corona...racoon
acnoort->cartoon...coranto
acnor->acorn...narco...racon
acnort->Carnot...cantor...carton...contra
acnos->Canso...Oscan
acnost->Octans...SnoCat
acnot->Acton...canto...octan
acnst->canst...scant
acnstu->Tuscan...cantus
acop->Apoc...capo
acopr->carpo...copra
acor->Cora...Roca...acro
acorrt->carrot...trocar
acors->Oscar...sarco
acorst->Castor...Castro...costar
acort->Croat...actor
acost->Ascot...coast...costa
acot->Cato...coat...octa...taco
acox->coax...coxa
acpr->carp...crap
acprs->craps...scarp...scrap
acpstu->catsup...upcast
acpt->Capt...acpt...pact
acptu->act up...caput
acr->arc...car
acrw->WRAC...craw
acry->Cary...racy
acst->cast...scat
act->CAT...act
ad->DA...ad
add->add...dad
adde->Edda...dead
addegimnn->demanding...maddening
addeiinnr->Indian red...Red Indian
addeirvw->Edward IV...Edward VI
addej->Jedda...jaded
addel->addle...dedal
addeln->dandle...landed
addelr->ladder...raddle
addelw->dawdle...waddle
addemn->damned...demand...madden
addenr->dander...darned
addens->dedans...sadden
adder->adder...dread
addy->Dday...dyad
adeegnr->derange...grandee...grenade
adeegnru->dungaree...underage
adeehr->adhere...header
adeeiinsst->East Indies...dessiatine
adeeimnnot->denominate...emendation
adeeinnrrstu->trained nurse...unrestrained
adeeiss->disease...seaside
adeelnr->Leander...learned
adeelr->dealer...leader
adeelrt->related...treadle
adeelt->delate...elated
adeem->Meade...Medea...edema
adeemnnr->Menander...mannered
adeempst->stampede...stepdame
adeenn->NaDene...ennead
adeennrs->Andersen...Ardennes
adeenst->East End...standee
adeeprt->predate...red tape
adeeprv->deprave...pervade
adeer->Reade...eared
adeers->erased...reseda
adef->deaf...fade
adefilmns->Mansfield...fieldsman
adefilnot->deflation...defoliant
adeforrtw->Waterford...afterword
adeg->aged...egad
adeggr->dagger...ragged
adeghinprs->headspring...springhead
adeghiopry->hypoid gear...ideography
adegiilnot->gadolinite...gelatinoid
adegiln->dealing...leading
adeginr->Reading...deraign...grained
adeginrt->gradient...red giant
adeglo->ageold...old age
adegnnor->androgen...end organ
adegnr->danger...gander...garden...ranged
adegorw->dowager...wordage
adegos->dosage...sea dog
adegr->Edgar...grade
adegrr->grader...red rag...regard
adeh->hade...head
adehilnnr->Rheinland...Rhineland
adehinp->headpin...pinhead
adehioprt->Aphrodite...atrophied
adehiors->Herodias...Rhodesia
adehk->Kedah...kheda
adehln->Handel...handle
adehlnst->Shetland...Stendhal
adehnorv->hand over...overhand
adehrt->dearth...hatred...red hat...thread
adehrty->hydrate...thready
adehs->Hades...heads...shade
adei->aide...idea
adeiilmnor->meridional...mineraloid
adeiilnorrssttx->dextrosinistral...sinistrodextral
adeiimssv->admissive...misadvise
adeilm->mailed...medial
adeilms->misdeal...mislead
adeiln->Aldine...Daniel...Delian...denial...leadin
adeilnn->annelid...lindane
adeilort->idolater...tailored
adeilost->diastole...isolated...sodalite
adeilp->aliped...elapid...pleiad
adeilpr->lipread...predial
adeilprt->dipteral...tripedal
adeilrsu->Ruisdael...residual
adeilt->detail...dilate
adeilttu->altitude...latitude
adeim->Media...amide
adeimn->Damien...Medina...maiden...median
adeimnr->Amerind...adermin
adeimst->Mideast...misdate
adeinnoott->denotation...detonation
adeinort->deration...ordinate...read into
adeinost->astonied...sedation
adeinr->Dairen...Darien...Derain...read in
adeinrsu->Eridanus...denarius
adeinrt->detrain...tradein
adeinst->instead...sainted
adeirst->astride...diaster...disrate
adeisv->Davies...advise
adeiswy->sideway...wayside
adekmr->demark...marked
adekn->knead...naked
adel->Dale...Leda...deal...lade...lead
adellu->allude...aludel
adelm->lamed...medal
adelmr->dermal...medlar
adeln->eland...laden
adelnru->Arundel...launder
adelnry->Darnley...Ryeland
adelns->Landes...sendal
adelor->loader...ordeal
adelp->pedal...plead
adelr->Adler...alder
adelt->Delta...dealt...lated
adem->Edam...Mead...dame...made
ademn->Mande...Medan...amend
ademnn->end man...manned
ademnnu->mundane...unnamed
ademno->Menado...Modena...daemon
ademnr->red man...remand
ademnru->duramen...maunder...unarmed
ademns->amends...desman
ademosy->Samoyed...someday
ademr->ad rem...armed...derma...dream
ademsu->Medusa...amused
aden->Aden...Dane...dean
adeno->adeno...anode
adenopr->operand...padrone
adenpr->pander...repand
adenpt->pedant...pentad
adenr->Arden...redan
adenrr->darner...errand
adenrsu->asunder...danseur
adenrt->ardent...red ant
adenru->Neruda...unread
adenruy->Reynaud...unready
adenrw->Andrew...wander...warden
adens->Andes...Sedan
adeor->adore...oared...oread
adeortu->outdare...read out
adepr->drape...padre
adeprt->depart...parted...petard
ader->dare...dear...read
aderrt->darter...retard...retrad...trader
aderrw->drawer...reward...warder
adert->trade...tread
aderw->Dewar...wader
adery->deary...ready
adev->Veda...deva
adew->Wade...awed
adez->adze...daze
adf->FDA...fad
adffhno->handoff...offhand
adfforw->draw off...ward off
adfillnw->fall wind...windfall
adfllnow->downfall...fall down
adforrw->forward...froward
adg->Gad...dag
adghins->dashing...shading
adgiklnr->darkling...drag link
adginr->daring...drag in...gradin
adgiru->Giraud...Guardi
adglnoo->Dongola...gondola
adgn->Gand...dang
adgno->Dagon...donga...gonad
adgnoor->dragoon...gadroon
adgnor->Gondar...dragon
adgnoru->Durango...aground
adgo->dago...goad
adgr->Gard...darg...drag...grad
adgru->Durga...guard
adh->dah...had
adhij->hadji...jihad
adhiloy->holiday...hyaloid
adhinps->Daphnis...dishpan
adhins->Danish...sandhi
adhiry->Riyadh...hydria
adhnosww->downwash...wash down
adhny->Handy...Haydn
adho->Doha...Hoad
adhrs->hards...shard
adhry->Hardy...Hydra
adhs->dash...shad
adi->IDA...aid...dia
adiimnnoot->admonition...domination
adiimoprst->diatropism...prismatoid
adil->Dali...dial...laid
adilmmopsu->plasmodium...sodium lamp
adilorty->dilatory...idolatry
adilr->Liard...laird
adily->Lydia...daily
adim->amid...diam...maid
adimno->daimon...domain
adinor->Dorian...inroad...ordain
adinors->Nidaros...sadiron
adinr->Indra...dinar...drain...nadir
adinrw->Darwin...draw in...inward
adinv->Dvina...divan...viand
adioprst->Port Said...parodist
adior->aroid...radio
adiou->Douai...audio
adiprs->rapids...sparid
adipv->pavid...vapid
adir->arid...raid
adiry->dairy...diary
adis->Dias...Sadi...dais...said
adiv->avid...diva
adl->Ald...lad
adllo->aldol...doall
adlmno->Maldon...almond...dolman...old man
adlno->Ladon...nodal
adlnor->Arnold...Landor...Roland...lardon
adlu->Laud...auld...dual
adm->Adm...Dam...mad
admnnory->Normandy...monandry
admno->monad...nomad
admnort->dormant...mordant
admnoy->Monday...dynamo
admnu->Munda...maund
admrstu->durmast...mustard
admtuy->Dumyat...adytum
adn->DNA...Dan...NAD...and
adnor->Donar...adorn...andor...andro...radon
adnoru->Nordau...around
adnorw->draw on...onward
adnosttu->outstand...stand out
adnostu->Donatus...astound
adnpstu->dustpan...stand up
adnr->darn...nard...rand
adnu->Danu...Duna
adnw->dawn...wand
ado->DOA...ado
adortuw->draw out...outward
adot->dato...toad
adoty->toady...today
adp->dap...pad
adpruw->draw up...upward
adr->Ard...rad
adrru->Urdar...durra
adrt->dart...drat
adrw->Ward...draw
adry->dray...yard
adt->dat...tad
advy->Davy...VDay
adw->daw...wad
ae->Ea...ae
aeeeggrst->Easter egg...segregate
aeeeglrt->regelate...relegate
aeeegnrt->generate...green tea...teenager
aeeenrtv->enervate...venerate
aeeeprrt->repartee...repeater
aeefgorst->forestage...fosterage
aeefhrt->feather...terefah
aeefilmnr->frame line...leaf miner
aeeghhloopprtty->phototelegraphy...telephotography
aeeghmorty->game theory...heterogamy
aeegilnnt->eglantine...inelegant
aeeginnrt->Argentine...tangerine
aeeginrtt->argentite...integrate
aeeginss->agenesis...assignee
aeegintv->agentive...negative
aeeglmort->algometer...glomerate
aeeglnr->enlarge...general
aeeglnrr->Erlanger...enlarger
aeeglss->ageless...sea legs
aeeglt->eaglet...legate...telega
aeegmmt->gemmate...tagmeme
aeegmr->meager...meagre
aeegmrst->gamester...gas meter
aeegmt->gamete...metage
aeegnoprs->green soap...personage
aeegnr->enrage...genera
aeegnrst->estrange...sergeant
aeegnrt->grantee...greaten...reagent
aeegnv->Geneva...avenge
aeegoprrt->porterage...reportage
aeegr->agree...eager...eagre
aeegrrt->Greater...regrate
aeehhilrttw->therewithal...whitleather
aeehnrt->Teheran...earthen...hearten
aeehorss->sea horse...seashore
aeehprstu->Euphrates...superheat
aeehrs->haeres...hearse
aeehrt->aether...heater...hereat...reheat
aeehrtt->theater...theatre...thereat
aeehrtw->weather...whateer...whereat...wreathe
aeehsv->heaves...sheave
aeeiilrtvz->relativize...revitalize
aeeilnntv->Levantine...Valentine
aeeilnrt->elaterin...treenail
aeeilpt->epilate...pileate
aeeilrtt->laterite...literate
aeeilrtv->levirate...relative
aeeimnnortu->enumeration...mountaineer
aeeimnss->Messenia...Messiaen
aeeimnt->etamine...matinee
aeeinntv->Aventine...Venetian
aeeinprst->pistareen...sparteine
aeeinrrt->rain tree...retainer
aeeinrsstw->earwitness...wateriness
aeeinrst->Teresina...arsenite...resinate
aeeinsttt->enstatite...intestate
aeeintttv->attentive...tentative
aeeintv->Venetia...naivete
aeeioprtv->evaporite...operative
aeeknrs->Keresan...sneaker
aeekortv->overtake...take over
aeel->Elea...alee
aeellptt->pallette...platelet
aeelmnortw->water lemon...watermelon
aeelmnp->empanel...emplane
aeelmptt->palmette...template
aeelnrt->eternal...teleran
aeelnrtv->levanter...relevant
aeelpr->leaper...repeal
aeelps->asleep...elapse...please...sapele
aeelptt->palette...peltate
aeelrrstuw->lusterware...lustreware
aeelrs->resale...sealer
aeelrst->Laertes...stealer
aeelrt->Tralee...elater...relate
aeels->easel...lease
aeelssstt->stateless...tasteless
aeelsv->leaves...sleave
aeemmrt->ammeter...metamer
aeemnrsst->maresnest...steersman
aeemnsttt->Testament...statement
aeemprt->Tampere...tempera
aeennprtt->penetrant...repentant
aeennpt->pennate...pentane
aeenoprst->Esperanto...personate
aeenoqrrttu->quarter note...quarter tone
aeenrst->earnest...eastern
aeenrtt->entreat...ternate
aeenst->Santee...Senate...sateen
aeent->eaten...enate
aeeorrsv->Averroes...sea rover
aeeorst->roseate...tea rose
aeerst->Easter...reseat...teaser
aeerstt->estreat...restate
aeersu->reseau...urease
aeersv->Varese...averse
aefgirtu->figurate...fruitage
aefhlnot->half note...halftone
aefhs->SHAEF...sheaf
aefiinnostt->festination...infestation...sinfonietta
aefilrtt->filtrate...flat tire
aefinooprt->fortepiano...pianoforte
aefinrt->fine art...fire ant
aefir->afire...feria
aefklnr->Falkner...flanker
aefkr->faker...freak
aefkry->fakery...freaky
aefl->feal...flea...leaf
aeflm->flame...fleam
aeflr->feral...flare
aeflrsu->fur seal...refusal
aeflru->earful...ferula
aeflty->fealty...featly
aefmnor->foramen...foreman
aefr->fare...fear...frae
aefrrt->frater...rafter
aefry->Freya...faery
aefst->Fates...feast
aeft->EFTA...fate...feat
aegghilnrt->range light...right angle
aeggnr->Grange...ganger
aeghilrt->litharge...thirlage
aeghmo->homage...ohmage
aeghnopt->heptagon...pathogen
aeghnorv->hangover...overhang
aeghopprrty->petrography...typographer
aegiinr->Igraine...Nigeria
aegikns->sea king...sinkage
aegillorst->allegorist...legislator
aegilmnr->Germinal...malinger
aegiln->Ealing...genial...linage
aegilnortu->regulation...urogenital
aegilnot->gelation...legation
aegilnrs->Salinger...seal ring
aegilnrt->integral...triangle
aegilnss->gainless...glassine
aegilnst->genitals...stealing
aegilnt->atingle...gelatin...genital
aegilors->gasolier...seraglio
aegilt->aiglet...ligate
aegimn->enigma...gamine
aegimr->maigre...mirage
aegimrt->migrate...ragtime
aeginnot->Antigone...negation
aeginnt->antigen...gentian
aeginnu->anguine...guanine
aeginoppr->organ pipe...pipe organ
aeginr->earing...gainer...regain
aeginrst->ganister...inert gas
aeginrt->Tangier...granite...ingrate...tearing
aeginst->easting...genista...ingesta...seating
aegint->eating...ingate
aegirt->gaiter...triage
aegirv->Argive...rivage
aegl->Gael...gale
aegll->Galle...legal
aegllno->allonge...galleon
aegllry->allergy...gallery...largely
aegllsu->sea gull...sullage
aeglmn->legman...mangle
aeglmnorw->Low German...angleworm
aegln->Galen...angel...angle...glean
aeglnr->Langer...angler...regnal
aeglort->Ortegal...legator
aeglpru->earplug...graupel
aeglr->Alger...Elgar...glare...lager...large...regal
aegm->game...mage...mega
aegmmr->gammer...gramme
aegmnor->Marengo...megaron
aegmnot->magneto...megaton...montage
aegmnr->German...engram...manger
aegmnrt->garment...margent
aegmnrtu->argentum...argument
aegmru->maugre...murage
aegno->Genoa...Onega...agone
aegnor->onager...orange
aegnr->anger...range
aegnrr->Garner...Ranger
aegnrs->Angers...Sanger
aegnrst->Sargent...strange
aegnrt->argent...garnet
aegopst->Gestapo...postage
aegort->Tagore...orgeat
aegp->Page...gape...peag
aegprs->gasper...sparge
aegr->Gera...gear...rage
aegrrt->Garter...garret...grater
aegrt->grate...great...targe
aegru->argue...auger
aegst->Gates...stage
aegv->Vega...gave
aehhrt->Hertha...hearth
aehillos->oil shale...shale oil
aehilmorst->isothermal...thimerosal
aehimprsst->mastership...shipmaster
aehimpss->emphasis...misshape
aehinntx->xanthein...xanthine
aehknr->hanker...harken
aehkrs->kasher...shaker
aehl->Hale...Leah...heal
aehlrst->harslet...slather
aehlrt->halter...lather...thaler
aehlrty->Hartley...earthly...lathery
aehls->leash...selah...shale
aehlst->Thales...haslet
aehlw->whale...wheal
aehm->ahem...haem...hame...hema
aehmnt->anthem...hetman
aehmorrtw->earthworm...heartworm
aehmot->athome...hemato
aehmrst->Amherst...hamster
aehnopt->phaeton...phonate
aehnrt->anther...thenar
aehns->Hanse...ashen
aehnst->Athens...hasten
aehnt->neath...thane
aehors->ashore...hoarse
aehortu->Thoreau...hear out
aehprs->phrase...seraph
aehprt->tephra...threap
aehps->SHAPE...phase
aehr->Hera...Rhea...hare...hear
aehrs->Asher...share...shear
aehrst->Hearst...Sarthe...hearts
aehrsw->hawser...washer
aehrt->Harte...Herat...earth...heart...rathe
aehrtt->hatter...threat
aehrty->earthy...hearty
aehrv->Havre...haver
aeht->hate...heat
aeiilmns->Milesian...alienism
aeiilnst->Taliesin...alienist
aeiinpssst->antisepsis...inspissate
aeiknrt->Katrine...keratin
aeikns->Eakins...kinase
aeiknt->Aitken...intake...take in
aeilllnqsu->line squall...squall line
aeilloppt->papillote...popliteal
aeilmnn->lineman...melanin
aeilmnp->impanel...maniple
aeilmnr->marline...mineral
aeilmnrt->terminal...tramline
aeilmns->Malines...seminal
aeilmnt->ailment...aliment
aeilmpr->impearl...lempira
aeilmrt->Latimer...marlite
aeilms->mesial...samiel
aeilmttu->mutilate...ultimate
aeiln->alien...aline...anile
aeilnor->aileron...alerion...alienor
aeilnorst->Orleanist...relations
aeilnort->Oriental...relation
aeilnos->anisole...sea lion
aeilnot->elation...toenail
aeilnp->Alpine...Nepali...pineal
aeilnprty->interplay...painterly...party line
aeilnr->larine...linear
aeilnrt->latrine...ratline...reliant...trenail
aeilnst->elastin...nail set...salient...saltine
aeilnv->alevin...alvine...valine...venial
aeilopr->peloria...rape oil
aeilps->Pelias...espial...lipase
aeilpt->Pilate...aplite
aeilqrtu->quartile...requital
aeilqtu->liquate...tequila
aeilrs->Israel...sailer...serial
aeilrst->realist...saltire
aeils->Elias...aisle
aeilsv->Leavis...valise
aeimn->Maine...amine
aeimnoprttu->importunate...permutation
aeimnor->moraine...romaine
aeimnr->marine...remain
aeimnrs->remains...seminar
aeimnrt->minaret...raiment
aeimnss->Messina...samisen
aeimnty->amenity...anytime
aeimortz->amortize...atomizer
aeimpst->impaste...pastime
aeimrstt->mistreat...teratism
aeinnorst->Nestorian...Rosinante
aeinnottt->attention...tentation
aeinnotv->innovate...venation
aeinnrstt->instanter...transient
aeinns->insane...sienna
aeinpr->panier...rapine
aeinprt->painter...pertain...pine tar
aeinpst->panties...sapient
aeinqtu->antique...quinate
aeinrrst->restrain...strainer
aeinrrt->terrain...trainer
aeinrst->retsina...stearin
aeinrt->retain...retina
aeinrtt->intreat...nitrate...tertian
aeinrtu->taurine...urinate
aeinrv->Erivan...ravine
aeins->Aisne...Siena...anise
aeinsst->entasis...sestina
aeinstt->instate...satinet
aeint->tenia...tinea
aeioprrt->Pretoria...priorate
aeiprr->rapier...repair
aeiprs->Persia...aspire...paries...praise
aeiprss->Serapis...paresis
aeiprsu->Piraeus...upraise
aeirrv->Rivera...arrive
aeirs->Aesir...Aries...arise...raise...serai
aeirstt->artiste...striate
aeirt->Terai...irate
aeirtt->attire...ratite
aejn->Jane...Jean...Jena
aekl->kale...lake...leak
aekm->kame...make
aekmrr->marker...remark
aeknr->Karen...naker
aeknrt->ranket...tanker
aekns->skean...snake...sneak
aekopstu->outspeak...speak out
aekps->spake...speak
aekptu->take up...uptake
aekrst->skater...strake...streak
aekst->Keats...skate...stake...steak
aekt->take...teak
aekw->wake...weak...weka
ael->ale...lea
aellorv->allover...overall
aellp->Pella...lapel
aellru->allure...laurel
aellst->Stella...sallet
aelm->Elam...Male...lame...meal
aelmnops->neoplasm...pleonasm
aelmns->Anselm...Le Mans...mensal
aelmnt->lament...mantel...mantle...mental
aelmny->meanly...namely
aelmp->ample...maple
aelmprt->Templar...trample
aelmrt->Martel...armlet
aeln->Lena...elan...lane...lean
aelno->alone...anole
aelnopt->Lepanto...polenta
aelnors->Orleans...Salerno
aelnot->etalon...leanto
aelnp->panel...penal...plane
aelnprsu->purslane...supernal
aelnpt->planet...platen
aelnpty->aplenty...penalty
aelnr->learn...neral...renal
aelnrt->antler...learnt...rental
aelnru->neural...unreal
aelnrv->Nerval...vernal
aelntt->latent...latten...talent
aelnv->navel...venal
aeloors->aerosol...roseola
aeloprst->petrosal...polestar
aelops->El Paso...aslope
aelopst->Pelotas...apostle
aelorrt->realtor...relator
aelorvy->lay over...overlay
aelp->leap...pale...peal...plea
aelpp->appel...apple
aelprst->Psalter...plaster...stapler
aelprt->palter...plater
aelprtt->partlet...platter...prattle
aelpry->Player...parley...pearly...replay
aelps->lapse...salep...sepal
aelpst->pastel...septal...staple
aelpt->leapt...petal...plate...pleat
aelr->Lear...earl...rale...real
aelrs->Arles...laser
aelrst->salter...slater
aelrstt->Telstar...starlet...startle
aelrsv->salver...serval...slaver
aelrt->alert...alter...artel...later...ratel...taler
aelrtt->latter...rattle
aelrttt->tartlet...tattler
aelrtv->travel...varlet
aelrty->lyrate...realty
aelrv->Ravel...Reval...laver...velar
aelry->early...layer...relay
aels->lase...sale...seal
aelst->least...slate...stale...steal...stela...tales...tesla
aelstu->salute...setula
aelsv->salve...slave...valse
aelsw->Lawes...Wales...swale
aelt->et al...late...tael...tale...teal
aeltv->Tavel...valet
aeltx->exalt...latex
aelv->Vela...lave...vale...veal
aelw->wale...weal
aelz->laze...zeal
aemn->Amen...mane...mean...name
aemnorsty->monastery...oysterman
aemnoru->enamour...neuroma
aemnot->nemato...toname
aemns->Manes...Mensa...manse...means
aemnt->Manet...ament...meant
aemny->meany...yamen
aempstu->Paestum...steam up
aemr->Amer...mare...ream
aemrs->maser...smear
aemrsstt->mattress...smart set
aemrssu->Erasmus...masseur
aemrst->Master...stream
aemrsty->mastery...streamy
aemrsu->Maseru...Mauser
aems->mesa...same...seam
aemst->satem...steam
aemsty->mayest...steamy
aemt->Meta...mate...meat...tame...team
aemty->matey...meaty
aen->ane...nae
aennp->panne...penna
aennrs->Sarnen...Sennar
aenoprs->Porsena...persona
aenoprt->operant...pronate...protean
aenorst->senator...treason
aenot->Aneto...atone...oaten
aenp->nape...neap...pane...pean
aenpp->Papen...nappe
aenprt->arpent...entrap...parent...trepan
aenprtt->pattern...reptant
aenpt->paten...penta
aenptt->patent...patten
aenr->Arne...earn...near
aenrs->nares...snare
aenrss->Nasser...sarsen
aenrt->antre...arent
aenrv->Nerva...raven
aenst->nates...stane
aenstu->Austen...unseat
aensv->Evans...avens
aent->Aten...Etna...ante...neat...taen
aenttu->attune...tauten
aenv->Neva...Vane...nave...vena
aenw->anew...wane...wean
aeoprrt->praetor...prorate
aeoprssv->Passover...overpass
aeoprst->esparto...seaport
aeorstt->Rosetta...toaster
aeorsttu->outstare...sea trout
aeort->Erato...orate
aeortuw->outwear...wear out
aeost->Oates...SEATO
aep->EPA...ape...pea
aeppry->papery...prepay
aepr->Pera...pare...pear...prae...rape...reap
aeprs->asper...parse...prase...presa...spare...spear
aeprss->passer...sparse
aeprst->repast...trapes
aeprstt->spatter...tapster
aeprstu->Pasteur...pasture
aeprt->Petra...pater...peart...prate...taper
aepru->Apure...pareu
aepry->Peary...apery...payer...repay
aeps->apse...pase...spae
aepst->paste...septa...spate
aept->pate...peat...tape
aeptu->eat up...taupe
aer->aer...are...ear...era
aerr->rare...rear
aerrst->Sartre...arrest...raster
aers->Ares...arse...rase...sear...sera
aerst->aster...stare...tears
aerstt->stater...taster
aerstu->Atreus...Auster...Seurat
aersuu->aureus...uraeus
aersw->swear...wares
aert->rate...tare...tear...tera
aertt->tater...terat...tetra...treat
aertv->avert...trave
aeru->Auer...urea
aerv->aver...rave
aerw->ware...wear
aery->Ayer...aery...eyra...yare...year
aerz->Ezra...raze
aesst->asset...tasse
aest->East...eats...sate...seat...seta
aestt->state...taste...testa
aesttu->astute...statue
aestv->Vesta...stave
aestw->sweat...waste
aesv->Aves...save...vase
aesy->easy...eyas
aet->Ate...ETA...aet...eat...tea
aett->Tate...teat
aev->Ave...EVA
aey->aye...yea
af->Af...FA
afgimnr->farming...framing
afgno->fango...ganof
afgr->Graf...frag
afhlsy->flashy...fly ash
afht->fath...haft
afiilnortt->filtration...flirtation
afiilnru->Friulian...unifilar
afiinnos->sainfoin...sinfonia
afikr->Kafir...fakir
afilluw->Wulfila...wailful
afilmnor->formalin...informal
afilo->Olaf I...folia
afilr->filar...flair...frail
afin->fain...naif
afint->Fanti...faint
afllotu->fallout...outfall
aflmru->armful...fulmar
aflo->foal...loaf
aflot->aloft...float
afmortu->farm out...foumart
afo->FAO...oaf
afor->Afro...faro
afost->fatso...softa
afr->Fra...RAF...far
afrt->fart...raft
afru->Frau...Urfa
aft->aft...fat
ag->Ag...GA
agghloopry->graphology...logography
aghilmort->algorithm...logarithm
aghilnt->Althing...halting...lathing
aghmnoopr->monograph...phonogram
aghns->Shang...gnash
aghs->gash...shag
aght->Gath...ghat
agiiln->ailing...nilgai
agiilnot->intaglio...ligation
agikns->Sikang...gaskin
agilmn->lingam...malign
agiln->algin...align...ligan
agilnns->Lansing...linsang
agilnst->lasting...slating
agilor->Gloria...air log
agilors->Argolis...girasol
agilorw->Gwalior...airglow
agilr->Grail...argil...glair
agimnr->arming...margin
agimo->amigo...imago
agin->Agni...gain
aginors->signora...soaring
aginorst->organist...roasting
aginpprst->strapping...trappings
aginprs->rasping...sparing
aginr->grain...grani
aginrt->gratin...rating
aginru->Ugrian...air gun
agir->Riga...ragi
agl->Alg...Gal...lag
agllntu->gallnut...nutgall
agllo->Algol...Gallo
agln->Angl...Lang
aglno->Anglo...Logan...along
aglns->glans...slang
aglnuu->ungual...ungula
aglo->algo...gaol...goal
aglor->algor...argol...goral...largo
aglry->glary...gyral
aglu->Gaul...gula
agm->gam...mag
agmno->among...mango
agmnorrst->Armstrong...strongarm
agmr->gram...marg
agn->gan...nag
agnnoor->Rangoon...organon
agnor->agron...argon...grano...groan...orang...organ
agnot->Tonga...tango
agnow->gowan...wagon
agnry->angry...rangy
agns->sang...snag
agnst->angst...stang
agnt->gnat...tang
agny->Nagy...Yang
ago->GAO...ago...goa
agor->Argo...agro
agorst->gastro...groats
agort->argot...groat
agot->go at...toga
agoy->Goya...Yoga
agp->PGA...gap
agprs->grasp...sprag
agr->Arg...GAR...agr...rag
agrsu->Argus...sugar
agru->Urga...gaur...guar
agry->Gary...Gray
ags->gas...sag
agt->gat...tag
ah->ah...ha
ahhs->hash...shah
ahilopss->alphosis...haplosis
ahimr->Hiram...ihram
ahiort->hot air...thoria
ahips->aphis...apish...spahi
ahirrs->Harris...sirrah
ahirstt->athirst...rattish
ahist->Thais...saith
ahkn->Kahn...ankh...hank...khan
ahlloty->loathly...tallyho
ahlorw->Harlow...Warhol
ahlpy->haply...phyla
ahls->Hals...lash
ahlt->halt...lath
ahlu->haul...hula
ahmnopt->Hampton...phantom
ahmnu->Nahum...human
ahms->mash...sham
ahn->Han...Nah
ahnors->Sharon...shoran
ahnst->hasnt...shant...snath
ahnt->tanh...than
ahopst->Pashto...pathos...potash
ahor->hoar...hora
ahort->Horta...Torah
ahost->Athos...shoat
ahostuw->outwash...washout
ahp->hap...pah
ahps->hasp...pash
ahpt->Ptah...path
ahrssu->Asshur...hussar
ahrsu->Ashur...surah
ahrt->Hart...rath...tahr...thar
ahs->SHA...ash...has
ahsw->Shaw...Wash...shwa
ahsy->ashy...shay
ahtu->Utah...auth
ahtw->thaw...what
ahy->hay...yah
ai->Ia...ai
aiilmrty->limitary...military
aiilnooprsv->pons Varolii...provisional
aiilnopt->Politian...oil paint
aiilnpst->alpinist...tailspin
aiinorttt->attrition...titration
aiinvv->Ivan IV...Vivian
aikl->Kali...kail
aikn->akin...kain
aiks->saki...sika
aikst->Sakti...Sitka
ail->Ali...Ila...ail
aillmpu->Illampu...pallium
aillortt->littoral...tortilla
ailm->Lima...Mali...mail
ailmnos->Osmanli...malison
ailmorty->molarity...morality
ailmos->Siloam...Somali
ailmrstu->altruism...ultraism
ailms->Islam...Simla...salmi
ailmtu->Latium...ultima
ailn->anil...lain...nail
ailnopstu->platinous...pulsation
ailnp->lapin...plain
ailnps->plains...spinal
ailnpt->plaint...pliant
ailns->slain...snail
ailnv->anvil...nival
ailny->inlay...lay in
ailopst->apostil...topsail
ailorsty->royalist...solitary
ailort->Rialto...tailor
ailp->Pali...pail
ailprsu->parulis...spirula
ailpu->Pauli...pilau
ailr->aril...lair...liar...lira...rail...rial
ailrt->trail...trial
ailrv->rival...viral
ails->Lias...sail
ailt->Atli...Ital...alit...alti...tail
ailty->Italy...laity
ailv->vail...vial
aim->MIA...aim...ami
aimm->imam...maim
aimmos->Maoism...mimosa
aimn->Main...Mani...anim...mina
aimnno->Minoan...amnion
aimnnos->mansion...onanism
aimnnoty->antimony...antinomy
aimno->Naomi...amino
aimnrt->Antrim...Martin
aimnst->mantis...matins...stamin
aimprt->armpit...impart
aimrt->Mitra...Tarim...matri
aimrtu->Timaru...atrium
aimrz->Mizar...mirza
aims->Amis...Siam...sima
ain->Ain...ani
ainnot->anoint...nation
ainoopprt->appointor...apportion
ainoort->Ontario...oration
ainoptu->opuntia...utopian
ainortu->Tournai...rainout
ainossu->sanious...suasion
ainp->nipa...pain
ainps->Spain...pains
ainpt->Pinta...inapt...paint...patin
ainr->Iran...rain...rani
ainrst->instar...strain
ainrstt->Tristan...start in...transit
ainrt->intra...riant...train
ainrv->Invar...Vanir...ravin
ains->Sian...sain
ainsstu->issuant...sustain
ainst->saint...satin...stain
ainsty->sanity...satiny
aint->aint...anti...tain
aintt->Titan...taint
ainv->vain...vina
aiooprsuv->apivorous...oviparous
aiorst->Artois...aorist...satori
aiorsuv->saviour...various
aiprs->Paris...Sapir...pairs
aiprt->atrip...tapir
aips->Apis...Pisa...psia
aiptt->Patti...pitta
air->IRA...air...ria
airs->Asir...Isar...airs...sari
airst->astir...sitar...stair...stria
airstt->artist...strait...strati
airy->Iyar...airy
aissst->assist...stasis
aist->Asti...Sita
aisv->Siva...visa
ajntu->jaunt...junta
ajot->Tajo...jato...jota
akln->Klan...lank
aklo->Okla...kola
akmo->amok...mako
akno->Kano...kaon...koan
aknor->Akron...Koran...krona
aknr->Rank...knar
akns->Kans...sank
aknsu->Kansu...ankus
aknt->Kant...tank
ako->koa...oak...oka
akoy->kayo...okay
akr->Ark...Kra
akrst->Stark...karst
akst->skat...task
aky->Kay...yak
al->Al...LA
allo->allo...olla
allot->allot...atoll
alloy->alloy...loyal
alm->Lam...mal
almo->loam...mola
almor->molar...moral
almost->almost...smalto
almp->lamp...palm
almps->plasm...psalm
almpy->amply...palmy
almru->larum...mural...rumal
alms->alms...slam
almtuu->mutual...umlaut
almu->alum...maul
alnoos->saloon...solano
alnos->Sloan...salon...solan
alnot->talon...tolan...tonal
alnu->Luna...ulna
alnuy->unlay...yulan
alop->Pola...opal
alopr->parol...polar
aloprt->patrol...portal
aloptuy->outplay...play out
aloruv->louvar...ovular
alorv->valor...volar
alos->Laos...also...sola
alost->Alost...Salto...Talos
alosttu->last out...outlast
alot->alto...lota...tola
alotuy->lay out...outlay
alp->Pal...alp...lap
alpp->Lapp...palp
alprty->paltry...partly
alps->Alps...slap
alpsy->palsy...splay
alpty->platy...typal
alpu->Paul...Pula
alpy->paly...play
alry->Lyra...aryl
alst->last...salt...slat
alsty->salty...slaty
alt->Lat...alt
alw->Law...Wal...awl
am->Am...MA
amno->Amon...Oman...moan...noma
amnoor->Romano...maroon
amnopt->potman...tampon
amnor->Norma...Roman...manor
amnors->Romans...ransom
amnory->Mornay...Romany
amnos->Mason...monas
amnotu->amount...outman
amnrtu->Truman...antrum
amny->many...myna
amor->Amor...Roma...mora...roam
amory->Moray...mayor
amos->Amos...Soma
amost->masto...stoma
amot->atmo...atom...moat
amoy->Amoy...Mayo
amp->Map...amp...pam
ampr->pram...ramp
amr->Arm...MRA...Mar...RAM...RMA
amrs->Mars...arms
amrt->mart...tram
amru->Amur...arum
amry->Mary...army
amst->MATS...mast
amt->amt...atm...mat...tam
amu->UAM...amu
amy->May...yam
an->An...NA
anno->Nona...anon...nano
anoortt->Otranto...rattoon
anopr->apron...nopar
anoprt->parton...patron...tarpon
anopt->Paton...panto
anor->Arno...Oran...roan
anors->arson...sonar
anorsuu->anurous...uranous
anosx->Naxos...Saxon
anot->Aton...NATO...at no
anov->Avon...nova
anp->Pan...nap
anps->snap...span
anr->RNA...ran
anrt->Tarn...rant
anruwy->runway...unwary
anss->Sans...assn
ansty->nasty...tansy
answ->sawn...swan
ant->ant...tan
antu->aunt...naut...tuna
anv->Van...avn...nav
anw->awn...wan
any->any...nay
aoorrtu->Rotorua...outroar
aoprrt->parrot...raptor
aoprs->sapor...sapro
aoprt->Prato...aport...op art
aor->oar...ora
aorrwy->arrowy...yarrow
aors->Rosa...soar...sora
aorst->Astor...Sarto...astro...roast
aort->RATO...Rota...taro
aortt->ottar...troat
aos->OSA...OAS
aost->oast...stoa
aostt->stoat...toast
aot->Tao...oat
aovz->Azov...oz av
aoz->azo...zoa
ap->PA...ap
app->app...pap
apr->Apr...Arp...par...rap
aprs->rasp...spar
aprst->parts...sprat...strap...traps
aprsttu->start up...upstart
aprsy->raspy...spray
aprt->part...prat...rapt...tarp...trap
aprw->warp...wrap
aps->Spa...asp...pas...sap
apst->past...spat...taps
apsty->pasty...patsy
apsu->Apus...upas
apsw->swap...wasp
apt->Pat...apt...tap
apy->Yap...pay...pya
ar->Ar...RA
arsstu->Straus...Tarsus
arst->Srta...astr...star...tsar
arstu->Surat...sutra
arstw->straw...swart
arsty->satyr...stray
art->art...rat...tar
arty->arty...tray
arw->raw...war
arwy->awry...wary
ary->Ayr...Ray
as->As...sa
asst->Tass...asst
astw->Swat...wast
asu->Aus...USA
asw->SWA...saw...was
aswy->sway...ways...yaws
at->At...Ta
att->TAT...att
attu->Attu...taut
attw->Watt...at wt
atu->aut...tau
atv->TVA...VAT
atw->taw...wat
av->Av...VA
aw->WA...aw
awy->way...yaw
bbbelru->blubber...bubbler
bbcelor->clobber...cobbler
bbelru->burble...lubber...rubble
bbinor->ribbon...robbin
bblowy->Wobbly...byblow
bblu->blub...bulb
bbo->bob...obb
bc->BC...CB
bcd->BCD...CBD
bce->BCE...CBE
bceilor->bricole...corbeil
bch->BCh...ChB
bcmoo->combo...coomb
bd->BD...dB
bddeinru->Dreibund...underbid
bde->BEd...DBE...deb
bdeefir->debrief...fibered
bdeeils->Delibes...edibles
bdeel->bedel...bleed
bdeer->brede...breed
bdegir->Bridge...begird
bdegu->Budge...debug
bdehnrrsuu->underbrush...undershrub
bdeiknnorw->broken wind...windbroken
bdeilo->boiled...bolide
bdeilru->builder...rebuild
bdeim->bedim...imbed
bdeinorv->bind over...ovenbird
bdeinr->binder...inbred
bdeinrssu->burnsides...sideburns
bdeit->bidet...debit
bdelloor->bordello...doorbell
bdelorw->bowlder...lowbred
bdemoor->bedroom...boredom
bdennou->bounden...unboned
bdenoru->bounder...rebound
bdenru->burden...burned
bdeortu->obtrude...redoubt
bdi->bid...dib
bdilpuu->build up...upbuild
bdinoor->Borodin...bridoon
bdl->bdl...dbl
bdlooy->bloody...old boy
bdoy->Boyd...body...do by
bdu->bud...dub
beeerz->beezer...breeze
beeghlru->Breughel...Brueghel
beegno->begone...engobe
beegr->Geber...grebe
beehrsw->Hebrews...beshrew
beehst->Thebes...behest
beeiilmprss->impressible...permissible
beeillnu->Blue Nile...Nile blue
beeimr->bemire...bireme
beeioqssu->Essequibo...obsequies
beelnosu->bluenose...nebulose
beelrt->Elbert...treble
beeoortt->beetroot...boot tree
beeorsv->observe...obverse...verbose
beer->beer...bree
beert->Ebert...beret
bef->BEF...Feb
beffru->buffer...rebuff
befir->brief...febri...fiber...fibre
beg->GBE...beg
begilllu->bluegill...gullible
begilno->Gobelin...ignoble
begin->begin...being...binge
beginn->Bingen...benign
begino->Gibeon...biogen
beglnu->blunge...bungle
beglo->bogle...globe
beglu->Bulge...bugle
behilrt->Hilbert...blither
behossttuwy->south by west...west by south
beik->bike...kibe
beil->Biel...bile
beilnprsuy->ruby spinel...spinel ruby
beilr->Erbil...liber
beilrst->blister...bristle
beimrt->timber...timbre
beimru->erbium...imbrue
bein->Beni...bine
beinrtt->Britten...bittern
beinrtu->tribune...turbine
beir->Brie...bier...brei
beirst->bestir...bister...bistre
beirt->Ibert...Tiber...tribe
beis->bise...sebi
beitz->Bizet...zibet
bellosw->Bellows...Boswell
belmory->Bromley...embryol
belmrtu->tumbler...tumbrel
belmru->lumber...rumble
belno->Nobel...noble
belnru->Brunel...Lebrun
belo->Loeb...bole...lobe
beloorvw->blow over...bowl over
belorst->bolster...lobster
belorw->blower...bowler
below->below...bowel...elbow
belstu->bustle...sublet...subtle
bem->BEM...MBE
bemru->brume...umber
bemsu->embus...sebum
ben->ben...neb
bennot->Benton...bonnet
beno->Nebo...bone...ebon
benoor->Borneo...Oberon
benoors->Osborne...Robeson
benor->boner...borne
benorstu->burstone...rubstone
benorz->bonzer...bronze
benoy->Boyne...ebony
benoz->Bozen...benzo...bonze
benr->Bern...Nebr
benrtu->Burnet...brunet
beoorz->boozer...rebozo
beor->Boer...Ebro...bore...robe
beors->brose...sober
beorwy->Bowery...bowyer
beostt->obstet...obtest
bersu->burse...rebus
bertu->brute...rebut...tuber
betu->Bute...tube
bey->bey...bye
bfhilosw->blowfish...fishbowl
bfi->FBI...fib
bfllowy->blowfly...flyblow
bggiinnpru->bringingup...upbringing
bgi->big...gib
bgilno->globin...goblin
bgilnow->blowing...bowling
bgio->Gobi...Igbo...biog
bgnoo->bongo...boong
bgo->bog...gob
bgoy->bogy...go by
bgru->burg...grub
bhort->broth...throb
bhrsu->brush...shrub
bi->Bi...ib
bilo->biol...boil
bimr->IRBM...brim
bin->bin...nib
binru->bruin...burin...rub in
bio->Ibo...bio...obi
bis->bis...sib
bjo->Job...obj
bk->Bk...KB
bl->BL...lb
blo->Bol...lob
bloo->bolo...lobo
blot->blot...bolt
blotu->Boult...U bolt
blow->blow...bowl
blru->blur...burl
blt->btl...lb t
bm->BM...MB
bmoor->bromo...broom
bmsu->BMus...MusB
bn->Bn...NB
bno->Bon...nob
bnor->Born...Brno
bnoru->Bornu...Bruno...bourn
bnos->bosn...snob
bnosu->bonus...bosun
bnrtu->brunt...burnt
bnu->bun...nub
bo->BO...OB
boost->boost...boots
bor->bor...orb...rob
bors->Bors...Sorb...bros
bos->OSB...obs...sob
bost->bots...stob
bot->Tob...bot
bp->BP...PB
br->Br...Rb
bru->Bur...rub
bruy->bury...ruby
bs->BS...Sb
bstu->bust...stub
bsu->bus...sub
bt->Bt...Tb
btu->BTU...but...tub
bv->BV...vb
by->Yb...by
cceeeeinprt->centerpiece...centrepiece
cceeginort->egocentric...geocentric
cceeinortz->concertize...concretize
cceennort->concenter...concentre
ccehikn->check in...chicken
ccehio->choice...echoic
cceiil->cilice...icicle
cceilr->circle...cleric
cceinnoort->concertino...concretion
cceinor->cornice...crocein
cceir->Circe...ceric
ccennot->concent...connect
cceos->cosec...secco
ccersu->cercus...cruces
cchltu->clutch...cultch
cciirt->citric...critic
ccorsu->crocus...succor
cd->CD...DC
cddeeu->deduce...deuced
cdeeer->decree...recede
cdeeiinrst->indiscreet...indiscrete...iridescent
cdeeiiorrt->Directoire...cordierite
cdeeilp->pedicel...pedicle
cdeeirst->discreet...discrete
cdeeirttu->certitude...rectitude
cdeemoprss->compressed...decompress
cdeenrt->credent...red cent
cdeeoprru->procedure...reproduce
cdeeu->deuce...educe
cdefilnor->cornfield...field corn
cdehorw->chowder...cowherd
cdei->deci...dice...iced
cdeiillno->celloidin...decillion
cdeiimorty->iridectomy...mediocrity
cdeiinnoort->conditioner...recondition
cdeiinorst->directions...discretion
cdeiins->incised...indices
cdeilnu->include...nuclide
cdeinort->centroid...doctrine
cdeinortu->introduce...reduction
cdeinrs->discern...rescind
cdeiorrt->creditor...director
cdeirt->credit...direct
cdekor->corked...docker
cdemnoow->comedown...downcome
cdeo->OECD...coed...code
cdeor->Credo...decor
cdery->cyder...decry
cdeu->duce...educ
cdgilno->codling...lingcod
cdhior->orchid...rhodic
cdiioprt->dioptric...tripodic
cdiiorsu->Dioscuri...sciuroid
cdlo->clod...cold
cdlou->cloud...could
cdnoor->condor...cordon
cdnoory->Corydon...Croydon
cdo->COD...OCD...doc
cdors->cords...scrod
cdr->Cdr...rcd
cdru->crud...curd
ce->CE...ec
ceeefnorr->ferrocene...reenforce
ceeeginrtv->viceregent...vicegerent
ceeehopst->pot cheese...sheepcote
ceeeiltv->cleveite...elective
ceeeipprtv->perceptive...preceptive
ceefhils->ice shelf...shelf ice
ceefir->Recife...fierce
ceefprt->perfect...prefect
ceeginptx->excepting...expecting
ceegnorv->Congreve...converge
ceehilln->Hellenic...chenille
ceehlprsu->sepulcher...sepulchre
ceehlry->cheerly...lechery
ceehnrrt->retrench...trencher
ceeilns->license...silence
ceeilrt->reticle...tiercel
ceeinnoorrt->reconnoiter...reconnoitre
ceeinorst->resection...secretion
ceeinort->erection...neoteric
ceeinrs->ceresin...sincere
ceeinrsu->insecure...sinecure
ceeinv->Venice...evince
ceeipr->Peirce...Pierce...recipe
ceeirt->recite...tierce
ceelmnt->Tlemcen...clement
ceelorst->corselet...selector
ceelort->elector...electro
ceemoorv->come over...overcome
ceenorrtv->converter...reconvert
ceenorsv->conserve...converse
ceenrs->censer...screen...secern
ceenrt->Recent...center...centre...tenrec
ceens->cense...scene
ceeorrsu->recourse...resource
ceepprt->percept...precept
ceepr->creep...crepe
ceeprst->respect...scepter...sceptre...specter...spectre
ceeptx->except...expect
ceer->Cree...cere
ceers->Ceres...scree
ceerst->certes...resect...secret
ceersu->Creuse...cereus...ceruse...rescue...secure
ceert->Crete...erect...terce
ceffioru->coiffeur...coiffure
cefhi->chief...fiche
cefhily->Chifley...chiefly
cefhit->Fichte...fetich
cefirty->certify...rectify
cegorsu->scourge...scrouge
cehiilmost->Mesolithic...homiletics
cehijrssstu->Christ Jesus...Jesus Christ
cehiknt->Chetnik...kitchen...thicken
cehilno->Helicon...choline
cehilnop->phenolic...pinochle
cehilorsty->chrysolite...chrysotile
cehilort->chlorite...clothier
cehimort->chromite...trichome
cehin->chine...niche
cehinop->chopine...phocine
cehinopst->Ctesiphon...phonetics
cehior->cheiro...coheir...heroic
cehiorrt->rhetoric...torchier
cehirt->Rhetic...cither...thrice
cehlo->Chloe...chole
cehm->chem...mech
cehno->Cohen...Enoch
cehor->chore...ocher...ochre
cehort->Hector...rochet...troche
cehos->Soche...chose
cehrt->chert...retch
cehsty->chesty...scythe
ceht->echt...etch...tech
cehty->Tyche...techy
cehz->Zech...chez
ceiilnos->isocline...silicone
ceiilprst->list price...price list
ceiimorst->eroticism...isometric
ceiinrs->irenics...sericin...sirenic
ceiinrsu->incisure...sciurine
ceiinrt->citrine...crinite...neritic
ceiklnr->clinker...crinkle
ceiklrst->stickler...strickle
ceiklrt->tickler...trickle
ceikrst->Sickert...rickets...sticker
ceil->Icel...ceil...lice
ceillor->Corelli...collier
ceilm->clime...melic
ceilmop->compile...polemic
ceilmopry->micropyle...polymeric
ceilnos->close in...inclose
ceilnt->client...lentic
ceilo->Eolic...oleic
ceilppr->clipper...cripple
ceiltu->Lucite...luetic
ceimno->come in...income
ceimsu->cesium...miscue
cein->Nice...cine
ceinooprstu->point source...prosecution
ceinootz->entozoic...enzootic
ceinoprssu->percussion...supersonic
ceinors->Ericson...crinose
ceinos->cosine...oscine
ceinot->noetic...notice
ceinpr->pincer...prince
ceinpt->incept...pectin
ceinqu->cinque...quince
ceinrt->centri...cretin
ceinrttu->intercut...tincture
ceins->Cenis...since
ceinst->incest...insect
ceiorrs->cirrose...crosier
ceip->epic...pice
ceiprtu->cuprite...picture
ceirr->crier...ricer
ceirt->recti...trice
ceitv->civet...evict
ceknor->conker...reckon
cekorr->corker...rocker
celno->Cleon...clone
celnosu->counsel...unclose
celo->coel...cole...ecol
celoptu->couplet...octuple
celors->closer...cresol
celort->colter...lector
celortu->cloture...coulter
celos->close...socle
celrtu->cutler...reluct
celrtuy->cruelty...cutlery
celru->cruel...lucre...ulcer
celt->Celt...lect
celttu->cutlet...cuttle
celu->clue...luce
cemootu->come out...outcome
cemorstu->costumer...customer
cemot->Comte...comet
cen->cen...enc
ceno->cone...econ...once
cenor->Creon...crone...necro
cenorsuu->cernuous...coenurus
cenort->centro...cornet
cenortu->cornute...counter...recount...trounce
cenoru->conure...rounce
cenot->CENTO...conte
cenou->Cuneo...ounce
ceooty->coyote...oocyte
ceop->OPEC...cope
ceops->Pecos...copse...scope
ceor->CORE...cero
ceors->Corse...score
ceorssu->Croesus...courses...sucrose
ceorst->Cortes...corset...escort...scoter...sector
ceorsu->cerous...course...crouse...source
ceortv->covert...vector
ceot->Ceto...cote...ecto
cerstu->Custer...rectus
cersu->Sucre...cruse...curse
cert->cert...rect
certu->cruet...curet...eruct...truce
ceru->cure...ecru
cestu->Cetus...scute
cf->CF...fc
cffsu->cuffs...scuff
cfio->coif...fico
cghilop->chip log...log chip
cgiinnoot->cognition...incognito
cgilmnuu->cingulum...glucinum
cgilnoooy->coniology...iconology
cgilnoy->Coligny...cloying
cgimno->coming...gnomic
cginorsu->coursing...scouring
cgm->CMG...GCM
cgnoo->Congo...cogon
ch->HC...ch
chi->chi...hic
chiiinorsst->histrionics...trichinosis
chiil->chili...lichi
chiilt->litchi...lithic
chiiorst->historic...orchitis
chiko->Kochi...hoick
chimrs->chrism...smirch
chin->Chin...inch
chinop->Chopin...phonic
chior->chiro...choir...ichor
chiorst->Christo...ostrich
chios->Chios...Sochi
chit->chit...itch
chivy->Vichy...chivy
chko->Koch...hock
chloot->Clotho...coolth
chlru->churl...lurch
chmu->chum...much
chou->Chou...ouch
chs->chs...sch
chsu->Cush...such
ci->CI...IC
ciillnoot->cotillion...octillion
ciilnoptu->punctilio...unpolitic
ciilopst->colpitis...politics
ciilost->colitis...solicit
cilnoor->corn oil...orcinol
cilo->Clio...coil...loci
ciloorst->colorist...cortisol
cilry->Cyril...lyric
cimnu->cumin...mucin
cino->coin...icon
cinos->scion...sonic
cinot->nocti...tonic
cinru->incur...runic
cintu->cut in...tunic
cioprt->Pictor...tropic
ciopt->optic...picot...topic
ciprs->crisp...scrip
cirstu->citrus...rictus...rustic
cis->ICS...cis...sci...sic
cistu->cutis...ictus
cit->cit...tic
civ->Vic...civ
ckno->conk...nock
ckor->Cork...Rock
ckory->corky...rocky
cksu->cusk...suck
cl->Cl...LC
clm->LCM...cml
clnosu->clonus...consul
cloo->Colo...cool...loco
clot->Colt...clot
cloy->cloy...coly
cm->Cm...MC
cmnooot->con moto...monocot
cmoo->Como...coom
cmor->Comr...corm
cmoru->mucor...mucro
cn->CN...NC
cno->Con...NCO
cnoortu->contour...crouton
cnory->corny...crony
co->CO...OC
coop->coop...poco
cooprtu->crop out...outcrop
coot->coot...octo
copr->corp...crop...proc
copru->croup...cupro
cor->Cor...roc
corsu->Orcus...scour
cortu->Turco...court
cortuy->cry out...outcry
cosstu->Scotus...custos
cost->Scot...cost
cot->OTC...Oct...cot
cov->CVO...voc
cow->cwo...cow
cp->CP...PC
cpsu->cusp...scup
cq->CQ...QC
cr->CR...RC
crs->RCS...scr
crstu->crust...curst
crstuy->crusty...curtsy
crt->CRT...ctr
cru->cru...cur
cs->CS...Sc
ct->CT...TC
cu->Cu...UC
cw->CW...WC
ddeeinnt->indented...intended
ddeenu->Dundee...denude...dudeen
ddefgilllo->filled gold...goldfilled
ddegimo->Megiddo...demigod
ddeilops->displode...lopsided
ddeimn->midden...minded
ddenoru->redound...rounded
ddenos->Seddon...sodden
ddsu->duds...sudd
de->de...ed
dee->Dee...Ede
deeehlw->wheedle...wheeled
deeeloprv->developer...redevelop
deeemorsu->deer mouse...mouse deer
deefgin->feeding...feigned
deefirr->fire red...red fire
deeflorw->deflower...flowered
deeginr->energid...reeding
deeginrs->designer...resigned
deegl->glede...ledge
deegr->edger...greed
deehilsv->dishevel...shedevil
deehnort->dethrone...threnode
deeil->edile...elide
deeimorst->dime store...dosimeter
deeimpr->demirep...per diem
deeimrt->demerit...dimeter...merited
deeinr->Edirne...Nereid...denier
deeinrst->Dniester...inserted...resident
deeiprs->Perseid...preside
deeirrs->Dreiser...serried
deeirs->desire...reside
deeirssv->disserve...dissever
deeirsv->De Vries...diverse
deelmor->Delorme...Demerol...remodel
deelnort->redolent...rondelet
deeloprrtt->drop letter...letter drop
deem->Mede...deem...deme...meed
deemn->Emden...emend
deen->Eden...dene...need
deenrv->Denver...vender
deens->dense...needs
deentt->detent...tented
deeoprst->dopester...reed stop
deeorrs->red rose...reredos
deer->deer...dree...rede...reed
deerrss->dresser...redress
deert->deter...treed
deestv->devest...vested
deesw->Swede...weeds
deesx->desex...sexed
deewy->Dewey...weedy
def->Fed...def
defgit->fidget...gifted
defhiins->fiendish...finished
defiiln->infidel...infield
defil->Field...felid...flied
defin->fiend...indef
definr->Friend...finder...redfin
defiy->deify...edify
deflno->enfold...fondle
deforst->defrost...frosted
deggor->dogger...gorged
deggru->grudge...rugged
degiklo->doglike...godlike
degil->gelid...glide
degilmno->gold mine...modeling
degilr->gilder...girdle...glider
degin->deign...dinge
deginnorst->grindstone...stringendo
deginor->D region...Gironde
deginr->engird...ringed
degio->dogie...geoid
degir->dirge...gride...ridge
degnoru->go under...guerdon...undergo
dego->doge...geod
degoru->drogue...gourde
dehino->hoiden...honied
dehnor->dehorn...horned
dehor->Herod...horde
dehrs->sherd...shred
deiilmt->delimit...limited
deiimnoss->Simonides...demission
deiinors->derision...resinoid
deiinrv->diviner...drivein
deiins->Indies...inside
deiint->indite...tineid
deikln->kindle...linked
deil->deil...deli...idle...lied
deilno->Leonid...indole
deilop->dipole...lepido
deils->sidle...slide
deilw->Wilde...wield
deilwy->widely...wieldy
deim->demi...dime...idem
deimorsu->dimerous...soredium
deimt->Medit...demit
dein->Enid...dine...nide
deinnr->dinner...endrin
deinnt->indent...intend...tinned
deinr->Indre...diner
deinrt->rident...tinder
deinrtu->intrude...turdine...untried
deinrv->driven...verdin
deinsty->density...destiny
deinsy->Disney...Sidney
deintu->dunite...united
deinu->Udine...indue
deinw->Edwin...widen
deiopst->deposit...topside
deiorst->steroid...storied
deiorsv->devisor...devoirs
deiort->editor...tie rod...triode
deiortu->outride...ride out
deiostu->outside...tedious
deip->pedi...pied
deir->Reid...dire...ride
deirr->drier...rider
deirst->driest...stride
deirt->tired...tried
deirv->deriv...diver...drive
deis->ides...side
deist->deist...id est
deit->diet...edit...tide...tied
deiv->Devi...dive...vide
del->Del...eld...led
delno->Nolde...loden...olden
delnou->louden...nodule
delnrtu->rundlet...trundle
delo->dole...lode
deloy->Doyle...yodel...yodle
delw->lewd...weld
dem->Dem...MEd
demno->demon...denom...monde
demo->Edom...demo...dome...mode
den->Den...end
dennot->Denton...tendon
deno->done...endo...node
denopr->Pernod...ponder
denor->Redon...drone
denorru->rondure...rounder
denorsu->Oresund...resound...sounder
denory->Rodney...yonder
denost->Donets...Ostend...stoned
denow->Woden...endow
denprtu->prudent...uptrend
dent->dent...tend
denu->dune...nude
deny->deny...dyne
deo->Doe...Edo...OED...ode
deoorv->do over...overdo
deop->dope...pedo
deoprt->de trop...deport...redtop
deor->Oder...doer...redo...rode
deorst->Dorset...strode
deorsw->dowser...drowse
deoru->Duero...uredo
deorv->Dover...drove
deos->does...dose
deot->dote...toed
dep->EDP...dep...ped
depru->Perdu...drupe...prude
der->Red...der
derry->Derry...Ryder...dryer
desu->Deus...dues...used
det->ETD...ted
detu->Deut...duet
dew->dew...wed
dey->dey...dye
df->DF...FD
dfoor->do for...fordo
dg->Gd...dg
dggilno->Golding...lodging
dggnou->dugong...gun dog
dgi->dig...gid
dgino->Gondi...dingo...doing
dginot->doting...tin god
dginy->dingy...dying
dgir->gird...grid
dgno->Gond...dong
dgnoor->Gordon...Grodno...drongo
dgnosu->sungod...sundog
dgo->God...dog
dgs->gds...sgd
dhhilotw->hold with...withhold
dhimoru->humidor...rhodium
dhinoopsww->shopwindow...windowshop
dhlopu->holdup...uphold
dhnoostuw->Southdown...shout down
dhnosu->Hudson...unshod
di->Di...ID
dikn->dink...kind
diknnu->nudnik...unkind
diks->disk...skid
dilly->dilly...idyll
dilo->Lodi...idol...lido...olid
dilossu->dulosis...solidus
dim->Mid...dim
din->Din...IND
dino->Indo...Odin...do in
dinoors->indoors...sordino
dinopu->dupion...unipod
dinpuw->upwind...wind up
dinr->Drin...rind
dinsu->Indus...nidus
dintuy->nudity...untidy
dinu->Idun...nudi
dioosu->iodous...odious
dioprt->torpid...tripod
diov->Ovid...void
dir->dir...rid
dj->DJ...JD
djs->JSD...SJD
dl->DL...LD
dlloy->Lloyd...dolly
dlo->dol...old
dlooppuw->pulpwood...wood pulp
dloor->dolor...drool
dlot->dolt...told
dls->LDS...LSD...sld
dm->DM...MD
dmo->DOM...mod
dmoo->doom...mood
dmooorww->woodworm...wormwood
dmv->DVM...MVD
dno->Don...nod
dnoor->Doorn...donor...rondo
dnosu->Sound...nodus
do->DO...OD
doooprst->doorpost...doorstop
door->door...odor...rood
dopr->dorp...drop...prod
dopu->do up...updo
dor->dor...ord...rod
dorsw->sword...words
dort->Dort...trod
doru->dour...duro
dorwy->dowry...rowdy...wordy
dos->DSO...OSD...sod
dot->dot...tod
dou->Dou...duo...oud...udo
dp->DP...PD
dpw->DPW...PWD
dr->Dr...Rd
ds->DS...SD
dstu->dust...stud
dstuy->dusty...study
dv->DV...VD
dw->DW...WD
eeefnrrt->referent...rentfree...tree fern
eeegirsty->geyserite...tigerseye
eeegnr->Greene...renege
eeehiimpprrstuv->heir presumptive...presumptive heir
eeehlnopt->phenetole...telephone
eeeilnst->enlistee...selenite
eeemst->esteem...mestee
eeenrrt->reenter...terrene
eeenrt->entree...eterne...retene
eeenruv->revenue...unreeve
eeeprrsv->perverse...preserve
eeerrsv->reserve...reverse
eeertt->teeter...terete
eeestt->settee...testee
eefhlrs->flesher...herself
eefhrrs->fresher...refresh
eefiilnrt->infertile...interfile
eefinr->ferine...refine
eefl->feel...flee
eeflru->ferule...refuel
eefnortw->Freetown...forewent
eeforrst->Forester...reforest
eefr->fere...free...reef
eefrr->freer...refer
eeft->feet...fete
eeg->EEG...gee
eeggiorv->George IV...George VI
eeggir->Geiger...greige
eeghmorrty->germ theory...hygrometer
eegimnt->meeting...teeming
eeginnu->Guienne...genuine...ingenue
eeglt->gleet...teleg
eegnr->Green...genre
eegnrt->gerent...regent
eegnry->Ygerne...energy
eegr->Eger...gree
eegrt->egret...greet
eegst->egest...geest
eehinr->herein...inhere
eehinrt->neither...therein
eehiorstw->otherwise...white rose
eehlnopty->polythene...telephony
eehlopst->heelpost...pesthole
eehnorw->nowhere...whereon
eehoorsvw->howsoever...whosoever
eehort->hereto...hetero
eehorvw->however...whoever
eehprs->Hesper...herpes...sphere
eehr->Here...Rhee
eehrs->heres...sheer
eehrt->ether...there...three
eehst->sheet...these
eeiilmnt->ilmenite...melinite
eeiimprssv->impressive...permissive
eeiinoprtt->petitioner...repetition
eeilmnost->limestone...milestone
eeilnnt->Tenniel...lenient
eeilnoprt->interlope...repletion...terpineol
eeilnpru->perilune...pure line
eeilnrty->entirely...lientery
eeilns->enisle...ensile...senile
eeilprsuv->prelusive...repulsive
eeilprt->perlite...reptile
eeilrst->leister...sterile
eeilrv->relive...revile
eeimnss->Meissen...Nemesis...Siemens
eeimprrssu->impressure...presurmise
eeimprs->emprise...premise...spireme
eeimrrtt->remitter...trimeter
eeimrtt->emitter...termite
eeinnortt->enter into...retention
eeinnostx->extension...in extenso
eeinnrv->innerve...nervine
eeinostt->noisette...teosinte
eeinprs->en prise...erepsin
eeinpsv->pensive...vespine
eeinrrt->rentier...terrine
eeinrst->Steiner...Teniers...inter se
eeinrtty->entirety...eternity
eeinrtu->retinue...reunite...uterine
eeinss->Neisse...in esse
eeiprrs->reprise...respire
eeiprt->Peter I...Petrie
eeir->Eire...Erie
eeirvw->review...viewer
eekl->Klee...keel...leek
eekn->keen...knee
eekp->keep...peek
eekppu->keep up...upkeep
eel->Lee...eel
eeloprsty->polyester...proselyte
eelortuv->revolute...truelove
eelpr->leper...repel
eelr->leer...reel
eelrstt->letters...settler...trestle
eelrstw->swelter...wrestle
eelrv->elver...lever...revel
eels->else...lees...seel
eelssv->selves...vessel
eelst->sleet...steel...stele
eelt->leet...tele
eeltz->Etzel...Tezel
eemmn->Emmen...mneme
eemns->Menes...mesne...semen
eemny->Yemen...enemy
eemort->meteor...remote
eemprsu->presume...supreme
eemrt->meter...metre
eemt->meet...mete...teem
een->een...nee
eenopr->opener...reopen
eenopst->onestep...pentose
eenpr->neper...preen
eenprst->present...serpent
eenr->erne...neer
eenrsu->Nereus...ensure
eenrsv->Nevers...Severn...nerves
eenrt->enter...treen
eenrtu->neuter...tenure...tureen
eenrv->nerve...never
eenss->Essen...sense
eenst->Steen...teens...tense
eeprrss->presser...repress
eeprs->per se...spree
eeprst->pester...preset
eepru->puree...rupee
eer->eer...ere
eerrsv->revers...server
eers->Erse...seer...sere
eerst->ester...reest...reset...steer...stere...terse
eerstt->setter...street...tester
eerstu->Tereus...retuse
eersv->serve...sever...verse
eert->Tree...rete
eertv->evert...revet
eerv->ever...veer
eervy->every...veery
eerw->ewer...were
ees->ESE...see
eesstt->sestet...testes
eest->Este...Tees
eew->Ewe...wee
effi->Fife...fief
efflrtu->fretful...truffle
effost->offset...set off
efghirt->fighter...freight
efginor->F region...foreign
efginr->finger...fringe
efhilms->Flemish...himself
efhirs->Fisher...sherif
efhls->flesh...shelf
efik->Efik...kief
efil->file...lief...life
efillr->filler...refill
efilr->flier...lifer...rifle
efilrt->filter...trifle
efilst->itself...stifle
efilt->filet...flite
efinr->finer...infer
efinst->feints...infest
efir->Frei...fire...rife
efirr->ferri...firer...frier
efirtt->fitter...titfer
efiry->fiery...reify
eflorvy->flyover...overfly
eflorw->Fowler...flower
eflrstu->fluster...restful
eflt->felt...left
eflty->flyte...lefty
eflu->flue...fuel
efm->emf...fem
efmnrtuy->frumenty...furmenty
efmoprr->perform...preform
efmorr->former...reform
efoort->foetor...footer
efor->fore...froe
eforr->ferro...frore
eforrst->Forrest...Forster
eforst->Foster...forest
efort->fetor...forte
efrry->ferry...fryer
efrt->fret...reft...tref
eg->Eg...Ge
eggilrw->wiggler...wriggle
egginr->ginger...nigger
egglot->goglet...toggle
egglru->gurgle...lugger
eghhit->eighth...height
eghhsu->Hughes...sheugh
eghilns->English...shingle
eghin->hinge...neigh
eghlnoopy->nephology...phenology
eghlnoors->long horse...longshore
eghlooty->ethology...theology
eghnt->Ghent...thegn
egillnt->gill net...telling
egilmmn->Memling...lemming
egilno->eloign...legion
egilnss->Lessing...singles
egilnst->glisten...singlet
egilr->Rigel...liger
egilrst->glister...gristle
eginor->Origen...eringo...ignore...region
eginort->Negrito...genitor
eginr->Niger...Regin...reign
eginrr->erring...ringer
eginrrst->ringster...stringer
eginrs->Ingres...Singer...resign
eginrst->resting...stinger
eginst->ingest...signet
eginsw->sewing...swinge
egint->genit...get in...tinge
egiopru->groupie...pirogue
egirt->Tigre...tiger
egk->EKG...keg
egl->gel...leg
eglmo->Gomel...golem
egln->Genl...glen
eglno->Elgon...longe
eglntu->englut...gluten
eglo->geol...loge...ogle
eglorv->glover...grovel
eglru->Luger...gruel
eglu->glue...luge
egmnor->monger...morgen
egn->Eng...Gen
egnopry->progeny...pyrogen
egnor->Negro...Norge...genro...goner
egnory->Geryon...eryngo...groyne
egnrtu->Gunter...urgent
egnsu->genus...negus
ego->ego...geo
egoorv->go over...groove
egor->Oreg...ergo...goer...gore...ogre
egorsu->grouse...rugose
egort->Grote...ergot
egoru->rogue...rouge
egoss->Gosse...gesso
egouv->vogue...vouge
egr->Ger...Reg...erg
egry->Grey...gyre
egst->gest...stge
egv->GeV...veg
eh->HE...eh
ehiknrt->rethink...thinker
ehikrs->shriek...shrike
ehilnoopt->lithopone...phonolite
ehilnot->hot line...neolith
ehilost->Elohist...hostile
ehilprt->philter...philtre
ehilstt->Lettish...thistle
ehilt->Leith...lithe
ehimrt->hermit...mither
ehimst->Themis...theism
ehinoprsw->ownership...shipowner
ehinor->Hoenir...heroin
ehinrs->shiner...shrine
ehinrvy->Henry IV...Henry VI
ehins->Hines...shine
ehioprsst->prothesis...sophister
ehiopt->Ethiop...ophite
ehiorrt->Herriot...heritor
ehir->heir...hire
ehirs->shier...shire
ehirsv->shiver...shrive
ehirtw->wither...writhe
ehisst->shiest...thesis
ehisv->hives...shive
ehitw->white...withe
ehkoorsuw->housework...workhouse
ehlnop->holpen...phenol
ehloopt->pothole...tophole
ehlorst->holster...hostler
ehlot->Helot...hotel...theol...thole
ehlr->herl...lehr
ehlrsstu->hurtless...ruthless
ehlrtu->Luther...hurtle
ehlstu->hustle...sleuth
ehlsw->Welsh...whsle
ehmo->Home...hemo
ehmor->Homer...horme
ehmorst->Thermos...smother
ehmort->mother...thermo
ehn->Neh...hen
ehnop->pheon...phone
ehnopr->nephro...phreno
ehnort->hornet...throne
ehnory->Horney...O Henry
ehnost->Stheno...honest
ehnt->Neth...hent...then
ehoopstu->housetop...pothouse
ehoorrtvw->overthrow...throw over
ehoprt->Thorpe...pother
ehor->Hero...rheo
ehors->horse...shoer...shore
ehort->other...throe
ehos->hose...shoe
ehost->ethos...shote...those
ehp->Eph...hep
ehprsy->sphery...sypher
ehrs->hers...resh
ehrsw->shrew...wersh
ehss->Hess...shes
ehst->Esth...Seth...hest
eht->Eth...the
ehtw->thew...whet
ei->EI...IE
eiilmst->El Misti...elitism
eiilnnst->Leninist...listen in
eiilnos->elision...isoline
eiilorv->Olivier...rilievo
eiimnoprss->impression...permission
eiimnorss->missioner...remission
eiimnpr->Empirin...primine
eijnor->joiner...rejoin
eikl->Kiel...like
eikln->Kline...inkle...liken
eiklnw->welkin...winkle
eiklrt->kilter...kirtle
eikn->Enki...Nike...kine
eikno->eikon...koine
eiknsv->Nevski...knives
eikp->kepi...pike
eikrrst->skirret...striker
eiks->Eisk...sike
eikt->kite...tike
eil->Eli...Lie...lei
eillno->ONeill...niello
eillnt->lentil...lintel
eilloprsv->overspill...spill over
eillrt->rillet...tiller
eills->Ellis...lisle
eilm->lime...mile
eilmnr->Merlin...limner
eilmntuy->minutely...untimely
eilmopst->milepost...polemist
eilmpr->prelim...rimple
eilms->limes...slime...smile
eiln->Nile...lien...line
eilnn->Lenin...linen
eilnop->Pelion...pinole
eilnort->Lorient...retinol
eilnos->insole...lesion
eilnps->Pilsen...spinel...spline
eilnpu->lineup...lupine...unpile
eilns->lenis...lines
eilnst->enlist...listen...silent...tinsel
eilnt->inlet...let in
eilnuv->unlive...unveil
eilnv->levin...liven
eilo->Leo I...ileo
eilor->Loire...oiler...oriel
eilort->Loiret...loiter
eilortt->tortile...triolet
eilot->Eliot...lie to...toile
eilov->olive...voile
eilpprt->ripplet...tippler
eilpr->peril...plier
eilprs->Perlis...pliers
eilps->Siple...piles...spiel...spile
eilr->riel...rile
eilrsv->silver...sliver
eilrt->liter...litre
eilrv->liver...livre
eilrvy->livery...verily
eils->Elis...isle
eilst->islet...istle...stile
eilsv->Levis...lives
eiltu->Lieut...utile
eilv->Levi...evil...live...veil...vile
eilx->Leix...ilex
eimn->mien...mine
eimnoprt->nimporte...orpiment
eimnos->Miseno...Simeon...eonism...monies
eimnosw->Owenism...winsome
eimnr->in rem...miner
eimntu->minuet...minute
eimoprs->promise...semipro
eimorrttw->miterwort...mitrewort
eimors->isomer...rimose
eimox->moxie...oxime
eimpr->imper...prime
eimprs->impers...simper
eimpru->impure...umpire
eimr->Meir...emir...mire...rime
eimrs->Reims...miser
eimrst->Mister...merits
eimrsv->verism...vermis
eimrt->merit...miter...mitre...remit...timer
eims->mise...semi
eimt->emit...item...mite...time
einnooprt->pontonier...prenotion
einnoorst->ironstone...serotonin
einnr->inner...renin
einnrt->intern...tinner
einnst->intens...sennit...tennis
einopr->Pinero...orpine
einoprt->pointer...protein...tropine
einopss->in posse...spinose
einorssu->neurosis...resinous
einort->Orient...norite
einortu->in utero...routine
einos->eosin...noise
einoss->enosis...noesis...ossein
einosuv->envious...niveous
einov->envoi...ovine
einprrt->printer...reprint
einpru->purine...unripe
einps->Pines...penis...snipe...spine
einpst->instep...spinet...step in
einpsu->puisne...supine
einr->Erin...Reni...in re...rein
einrs->reins...resin...rinse...serin...siren
einrst->estrin...insert...sinter
einrsu->insure...ursine
einrt->Terni...inert...inter...niter...nitre...trine
einru->inure...urine
einst->Stein...inset...set in
einsw->sinew...swine
eintu->unite...untie
einv->vein...vine
einw->Wien...wine
einwz->winze...wizen
eioprst->reposit...riposte
eioprsuv->pervious...previous...viperous
eip->PEI...epi...pie
eipqu->equip...pique
eipr->peri...pier...ripe
eiprs->prise...spier...spire
eiprss->Persis...Spires
eiprst->esprit...priest...sprite...stripe
eiprstt->spitter...tipster
eiprsu->Epirus...uprise
eipsss->sepsis...speiss
eipst->piste...septi...spite...stipe
eiqtu->quiet...quite
eirrw->wirer...wrier
eirs->Eris...reis...rise...sire
eirsst->resist...sister
eirstt->Sitter...triste
eirstv->stiver...strive
eirt->rite...tier...tire
eirtt->titer...titre...trite
eirw->weir...wire
eisv->Ives...vise
eiv->Ive...vie
eivw->view...wive
ejlstu->Sutlej...justle
ekl->elk...lek
eklnooor->lookeron...onlooker
eklooorv->look over...overlook
ekoorrvw->overwork...work over
ekorrw->rework...worker
ekorst->stoker...stroke
ekos->Keos...soke
ellostu->outsell...sell out
ellovy->lovely...volley
ellsw->Wells...swell
elly->Lely...yell
elm->LEM...elm...mel
elmno->lemon...melon
elmnos->Lemnos...solemn
elmnot->loment...melton...molten
elmnpu->lumpen...plenum
elmpru->lumper...rumple
elmy->myel...ylem
elno->Leon...Noel...enol...leno...lone
elnor->Loren...enrol...loner
elnost->Solent...stolen...telson
elnot->lento...let on
elnov->Venlo...novel
elnpty->Plenty...pentyl
eloostu->lose out...outsole
elop->Pole...lope...pleo
elopps->Pelops...peplos
eloprsu->leprous...pelorus...sporule
elor->Orel...lore...orle...role
elorst->ostler...sterol
eloruv->Louvre...louver...velour
elorw->lower...rowel
elos->lose...sloe...sole
elostu->solute...tousle
elosu->Seoul...louse...ousel
elot->Leto...telo...tole
elottu->let out...outlet
elotw->owlet...towel
elov->levo...love...vole
elpsu->Lepus...pulse
elrstu->Ulster...luster...lustre...result...rustle...sutler
elru->lure...rule
elry->lyre...rely
elst->lest...lets
elsu->lues...slue
elt->let...tel
elv->Lev...vel
ely->Ely...ley...lye
em->ME...em
emm->Mme...mem
emnnot->Menton...Monnet
emnort->Mentor...Merton
emnot->Monet...monte
emnrstu->Munster...sternum
emoor->Moore...Romeo
emoorsss->moss rose...rose moss
emop->mope...poem...pome
emoprt->emptor...pro tem...trompe
emops->Epsom...mopes
emor->More...Rome...mero...omer
emorrt->termor...tremor
emors->Morse...mores
emorv->mover...vomer
emos->meso...some
emot->mote...tome
emott->motet...motte...totem
empr->Perm...prem
emprstu->stumper...sumpter
emrstu->Sumter...muster...stumer
emrsu->Remus...Sumer...serum
ems->Sem...mes
emsw->mews...smew
en->NE...en
enno->neon...none
ennot->nonet...tenno...tenon...tonne
eno->eon...one
enop->nope...open...peon...pone
enoprst->Preston...postern
enops->Nepos...Posen
enorrst->Torrens...snorter
enorrtuv->overturn...turnover
enorruv->overrun...run over
enors->Ensor...Norse...snore
enorst->Nestor...tensor
enortt->Trento...rotten
enoru->Rouen...neuro
enos->Enos...nose...sone
enost->Seton...onset...steno...stone
enot->Eton...ento...note...teno...tone
enottu->Teuton...tenuto
enox->exon...oxen...xeno
enrrtu->Turner...return
enrst->Ernst...Stern
enrt->rent...tern
ens->Ens...sen
enst->nest...sent
ensuv->Venus...nevus
ensux->nexus...unsex
ensw->news...sewn
ent->net...ten
entu->neut...tune
entw->newt...went
env->Nev...Ven
enw->new...wen
eo->OE...eo
eooprrt->protero...trooper
eop->Poe...ope
eopprr->per pro...proper
eoppry->popery...pyrope
eopr->pore...rope
eoprrt->Porter...pretor...report
eoprs->poser...prose...spore
eoprst->poster...presto
eoprstt->protest...spotter
eoprstu->Proteus...petrous...posture...septuor
eoprt->Porte...ptero...toper...trope
eoprtu->pouter...troupe
eops->epos...peso...pose
eopss->posse...speos
eopst->estop...stope
eopsy->poesy...sepoy
eopt->poet...tope
eoqrstu->questor...torques
eoqtu->quote...toque
eor->oer...ore...roe
eorrst->resort...roster
eorrtt->retort...rotter
eorrtu->router...tourer
eors->Eros...rose...sero...sore
eorsstu->estrous...tussore
eorst->store...torse
eorstu->ouster...souter
eorstv->stover...strove
eorsty->Troyes...oyster...storey
eorsv->servo...verso
eorsw->serow...swore...worse
eort->rote...tore
eortu->outer...route
eortv->overt...trove...voter
eortw->tower...wrote
eorv->over...rove
eorw->Rowe...wore
eory->oyer...yore
eosttu->outset...set out
eotv->veto...vote
eow->owe...woe
ep->EP...PE
eppr->prep...repp
epr->Rep...per...pre
eprry->Perry...pryer
eprs->Pres...resp
eprsu->purse...sprue...super
eprt->pert...pret...rept
epru->Peru...pure
epry->prey...pyre
eps->ESP...pes
epst->Sept...pest...step
epstu->set up...stupe...upset
epy->pye...yep
eq->eq...qe
er->ER...RE
ers->ERS...ser
ersstu->estrus...russet
erst->erst...rest...ster
erstuu->suture...uterus
erstw->strew...trews...wrest
ersu->ruse...sure...user
ert->ret...ter
ertv->Tver...vert
erty->Tyre...trey
eru->Eur...rue
eruy->Urey...eury
erx->Rex...exr
es->Es...SE
est->Set...Ste...est
estt->sett...stet...test
estw->West...stew
estx->St Ex...sext
esu->Sue...use
esuz->Suez...Zeus
et->Et...Te
etx->Tex...ext
ewy->Wye...yew
ex->Ex...Xe
fghilnsu->Flushing...lungfish
fgilnow->flowing...fowling
fglo->flog...golf
fgoor->forgo...go for
fhirt->firth...frith
fhlrtuu->hurtful...ruthful
fhort->Forth...froth
fhs->FSH...SHF
fi->FI...IF
filt->flit...lift
fin->Fin...Inf
fino->fino...foin
fiottu->fit out...outfit
fir->Fri...fir
firt->frit...rift
fist->fist...sift
floow->Wolof...Woolf
flor->Rolf...flor
floru->flour...fluor
flow->Wolf...flow...fowl
fm->FM...MF
fmor->form...from
fo->FO...OF
for->for...fro
fou->UFO...fou
fp->FP...pf
fps->fps...psf
fr->Fr...RF
fs->fs...sf
ggho->Gogh...Hogg
gginor->goring...gringo
ghhit->hight...thigh
ghhoprttuu->put through...throughput
ghilopstt->spotlight...stoplight
ghilst->lights...slight
ghint->night...thing
ghirt->girth...grith...right
ghis->Gish...sigh
ghlou->ghoul...lough
ghnostu->gunshot...shotgun
ghnotu->hognut...nought
gho->OHG...hog
ghotu->ought...tough
ghu->hug...ugh
giiknrst->skirting...striking
giilnn->lignin...lining
giinns->Sining...sign in
giinrv->Irving...virgin
gikn->King...gink
gilnos->Gilson...losing
gilnpu->plug in...puling
gin->gin...ign
ginnos->nosing...sign on
ginor->groin...inorg
ginors->grison...signor
ginot->ingot...tigon
ginpsu->pignus...sign up
ginr->grin...ring
gins->sign...sing
gior->giro...orig
giorv->Virgo...vigor
gip->gip...pig
gipr->grip...prig
girst->grist...grits
girt->girt...grit...trig
gl->LG...gl
glpu->gulp...plug
gm->GM...Mg
gmorsuu->grumous...sour gum
gmt->GMT...mtg
gmu->gum...mug
gno->gon...nog
gnoo->go on...gono
gnoort->Gorton...trogon
gnoppu->oppugn...popgun
gnorw->grown...wrong
gnsu->Sung...snug
gnu->gnu...gun
go->GO...OG
goot->Togo...go to
gootu->go out...outgo
gop->GOP...GPO
gopu->Ogpu...go up
gor->gro...org
gorttu->Turgot...rotgut
gortuy->grouty...yogurt
gory->gory...gyro...orgy
got->got...tog
gotuy->gouty...guyot
gp->GP...PG
gpu->GPU...pug
grsu->Grus...surg
grsuy->gyrus...surgy
gru->Gur...rug
gs->GS...SG
gstuy->gusty...gutsy
gt->GT...tg
gtu->gut...tug
gv->gv...vg
hiiilppv->Philip IV...Philip VI
hiiknps->kinship...pinkish
hiirs->Irish...rishi
hiknottu->outthink...think out
hiks->Sikh...kish
hilops->Polish...philos
hilot->litho...thiol
hilt->Lith...hilt
himoprs->Orphism...rompish
hinpsu->punish...unship
hins->shin...sinh
hint->hint...thin
hiop->Hopi...Ipoh
hiost->histo...hoist
hip->hip...phi
hips->pish...ship
hirstt->Tshirt...thirst
hirsty->Irtysh...shirty
his->IHS...his
hist->Isth...hist...shit...this
histty->shitty...stithy
hit->THI...hit
hitw->Whit...with
hitwy->whity...withy
hksu->Kush...husk
hl->LH...hl
hlost->Holst...sloth
hlot->Holt...loth
hloy->holy...hylo
hlpsu->plush...sulph
hlsu->lush...shul
hmo->Ohm...mho
hmoru->humor...mohur
hms->HMS...HSM
hno->Noh...hon
hnopsy->Hypnos...syphon
hnopty->Python...Typhon
hnopy->hypno...phony
hnort->North...Rt Hon...Thorn
hnorty->rhyton...thorny
hntu->Hunt...Thun
ho->Ho...oh
hoo->hoo...oho
hooosttu->outshoot...shoot out
hoop->hoop...pooh
hoopstt->hot spot...pot shot
hoos->Soho...shoo
hoost->shoot...sooth
hoprtuw->throw up...upthrow
hops->hosp...posh...shop
hopstu->tophus...upshot
hopsy->Sophy...hypso
horst->horst...short
hort->Orth...Thor...hort
hortw->Worth...throw...wroth
host->Host...shot...tosh
hostu->South...shout
hosw->show...whos
hot->hot...tho
how->WHO...how
hp->HP...Ph
hpst->shpt...sp ht
hr->HR...Rh
hrstu->Thurs...hurst
hrtu->Ruth...hurt
hstu->shut...thus...tush
ht->Th...ht
iilmt->limit...milit
iilosuvx->Louis XIV...Louis XVI
iilosux->Louis IX...Louis XI
iimst->Misti...mitis
ikln->kiln...link
iklns->links...slink
iklo->Loki...kilo
ikn->ink...kin
ikno->ikon...kino...oink
ikns->sink...skin
ikrs->kris...risk
ikrst->skirt...stirk
ikst->kist...skit
il->LI...il
illsy->silly...slily
illt->lilt...till
ilmo->milo...moil
iln->lin...nil
ilno->lion...loin...noil
ilnstu->insult...sunlit
ilo->ILO...oil
ilop->Li Po...plio
ilops->polis...spoil
ilopst->pistol...spoilt
ilopt->pilot...polit
ilos->silo...soil
ilps->lisp...slip
ilpst->Split...spilt
ilptu->lit up...tulip
ilst->list...silt...slit
ilt->lit...til
im->Im...mi
immnos->monism...nomism
immstu->mutism...summit
imn->Min...nim
imnos->Minos...Simon
imnosy->myosin...simony
imnsu->minus...numis
imprsu->primus...purism
imr->mir...rim
imry->Ymir...miry
ims->ism...mis
in->In...NI
innru->inurn...run in
inooprst->positron...sorption
inoopt->option...potion
inoopttu->outpoint...point out
inoorst->isotron...nitroso...torsion
inopssu->Poussin...spinous
inopt->Pinot...pinto...piton...point
inors->irons...ornis...rosin
inort->intro...nitro
inortt->Triton...intort
inos->Sino...Sion
inp->Nip...pin
inprtu->Turpin...turnip
inps->insp...snip...spin
inptu->input...put in
ins->Sin...ins
inssu->nisus...sinus
inst->inst...isnt
instu->Tunis...suint
int->int...nit...tin
inv->inv...vin
ioprst->prosit...tripos
ioqtu->Quito...quoit
iorst->Tiros...torsi
iort->riot...tiro...trio
iou->IOU...oui
ipp->PPI...pip
iprst->spirt...sprit...strip
ips->psi...sip
ipt->pit...tip
ir->IR...RI
irs->IRS...sir...sri
irt->rit...tri
is->Is...Si
ist->its...sit
istw->wist...wits
it->Ti...it
itu->ITU...Tiu...tui
itw->Twi...wit
iv->IV...VI
jnotu->Jotun...junto
kloo->kolo...look
kloootu->lookout...outlook
km->km...mk
koortuw->outwork...workout
koot->koto...took
kooty->Kyoto...Tokyo
kor->ROK...kor
korst->stork...torsk
kp->KP...pk
lloty->tolly...tolyl
lm->LM...ml
lmpu->lump...plum
lmpuy->lumpy...plumy
ln->NL...ln
lnoy->Lyon...only
loop->Polo...loop...pool
loops->sloop...spool
loos->Oslo...solo
loot->loot...tool
lop->Pol...lop
loppy->loppy...polyp
loptu->Pluto...poult
lopy->ploy...poly
lory->Orly...lory
lost->lost...lots...slot
lostu->Soult...lotus
lotu->Toul...lout...tolu
lotv->VTOL...volt
low->Low...owl
lp->LP...pl
lpru->plur...purl
lstu->lust...slut
lsy->lys...sly
lt->Lt...Tl
lw->Lw...wl
lx->XL...lx
mmoott->motmot...tomtom
mno->Mon...nom
mnoo->mono...moon...nomo
mnor->morn...norm
mnoru->Munro...mourn
mnotu->mount...notum
mo->MO...Om
mooorrtw->moorwort...tomorrow
moor->Moor...Moro...room
mopr->prom...romp
mot->Tom...mot
mp->MP...PM
mr->Mr...RM
mrs->Mrs...RMS
ms->MS...SM
mstu->must...smut
msu->USM...mus...sum
mt->MT...Tm
mtu->mut...tum
nnou->nonU...noun
no->No...On
nooprt->pronto...proton
noops->snoop...spoon
noopsy->snoopy...spoony
noortuw->outworn...wornout
noot->noto...onto
nopstu->Pontus...unstop
norttuu->outturn...turn out
nortuu->outrun...run out
norw->Norw...worn
nostu->Notus...snout...tonus
nosu->nous...onus
not->Ont...not...ton
notw->nowt...town...wont
now->now...own...won
nprtuu->turn up...upturn
nr->RN...nr
nrtu->runt...turn
nru->run...urn
ns->NS...Sn
nstu->nuts...stun
nsu->USN...sun
ntu->NUT...tun
nu->UN...nu
nz->NZ...Zn
ooprs->sopor...spoor
ooprt->proto...troop...tropo
ooprtu->root up...uproot
oopttu->opt out...top out
oor->oro...roo
oorst->roost...torso
oot->oto...too
oott->Otto...toot
op->OP...PO
opp->opp...pop
oprst->sport...strop
oprstu->Proust...sprout...stupor
oprt->Port...Prot
opru->pour...roup
opry->pyro...ropy
ops->Ops...SOP...pos
opst->post...spot...stop...tops
opstu->spout...stoup
opsu->opus...soup
opt->PTO...opt...pot...top
opttuu->output...put out
opw->POW...wop
orssu->Russo...sorus
orst->orts...sort
orstu->Tours...stour...torus
orstw->strow...worst
orsty->story...stroy
orsu->ours...sour
ort->rot...tor
ortt->tort...trot
orttu->trout...tutor
ortu->rout...tour
ortw->trow...wort
orty->Tory...Troy...tyro
oru->our...uro
os->OS...So
ostw->stow...swot
ot->ot...to
otw->tow...two...wot
ow->WO...ow
oz->oz...zo
pq->QP...pq
prs->prs...rps
prsu->Prus...spur
prsuy->pursy...syrup
ps->PS...SP
psu->pus...sup
pu->Pu...up
qr->QR...RQ
rs->Rs...Sr
rsttu->strut...trust
rsu->Rus...Sur
rsy->Syr...yrs
rt->rt...tr
rty->Tyr...try
ru->Ru...Ur
rwy->Rwy...wry
tu->Tu...ut
tv->TV...Vt
